Customer Id,Invoice Id,Product Purchased,Quantity,Sales Price,Discount,Purchase Date,Total Price,Product Category
CUST1041,INV33519,Stationery,4,93.89,0.21,2025-05-18,296.69,Office Supplies
CUST1008,INV49618,Household supplies,5,60.86,0.02,2025-05-03,298.21,Home Essentials
CUST1002,INV11854,Beauty and Clean products,3,72.7,0.02,2025-05-20,213.74,Health & Beauty
CUST1048,INV80010,Electronics,5,93.02,0.0,2025-05-20,465.1,Electronics
CUST1018,INV26591,Home textile,5,73.65,0.29,2025-05-26,261.46,Home Essentials
CUST1016,INV45954,Fashion accessories,2,23.73,0.22,2025-05-11,37.02,Fashion
CUST1015,INV15965,Bags,3,61.87,0.11,2025-05-28,165.19,Fashion
CUST1009,INV17146,Fashion accessories,3,64.6,0.09,2025-05-13,176.36,Fashion
CUST1048,INV82529,Bags,3,48.17,0.1,2025-05-01,130.06,Fashion
CUST1007,INV48290,Household supplies,5,76.28,0.23,2025-05-10,293.68,Home Essentials
CUST1044,INV26551,Bags,4,94.09,0.2,2025-05-14,301.09,Fashion
CUST1048,INV93606,Stationery,3,93.3,0.06,2025-05-13,263.11,Office Supplies
CUST1035,INV74340,Household supplies,5,50.58,0.05,2025-05-25,240.25,Home Essentials
CUST1006,INV23446,Electronics,2,20.19,0.03,2025-05-03,39.17,Electronics
CUST1038,INV11607,Fashion accessories,4,98.64,0.2,2025-05-24,315.65,Fashion
CUST1028,INV85243,Stationery,2,85.5,0.23,2025-05-29,131.67,Office Supplies
CUST1003,INV47268,Apparel,4,21.22,0.08,2025-05-18,78.09,Fashion
CUST1002,INV71524,Bags,5,92.88,0.01,2025-05-29,459.76,Fashion
CUST1006,INV72746,Children's products,1,88.29,0.02,2025-05-08,86.52,Toys & Kids
CUST1014,INV67733,Electronics,4,56.7,0.29,2025-05-19,161.03,Electronics
CUST1015,INV54657,Home textile,2,63.21,0.09,2025-05-17,115.04,Home Essentials
CUST1033,INV34164,Beauty and Clean products,5,45.91,0.23,2025-05-06,176.75,Health & Beauty
CUST1039,INV16734,Apparel,4,14.93,0.19,2025-05-22,48.37,Fashion
CUST1002,INV43092,Beauty and Clean products,1,40.17,0.11,2025-05-13,35.75,Health & Beauty
CUST1036,INV72616,Apparel,1,82.26,0.06,2025-05-06,77.32,Fashion
CUST1013,INV24953,Fashion accessories,3,10.42,0.04,2025-05-05,30.01,Fashion
CUST1046,INV18564,Home textile,3,40.01,0.18,2025-05-09,98.42,Home Essentials
CUST1042,INV62521,Children's products,2,45.84,0.23,2025-05-10,70.59,Toys & Kids
CUST1045,INV74454,Apparel,4,58.37,0.19,2025-05-09,189.12,Fashion
CUST1035,INV19710,Bags,4,92.79,0.16,2025-05-16,311.77,Fashion
CUST1027,INV85631,Home textile,3,41.17,0.01,2025-05-05,122.27,Home Essentials
CUST1015,INV92502,Children's products,4,41.23,0.29,2025-05-03,117.09,Toys & Kids
CUST1029,INV99974,Beauty and Clean products,4,76.38,0.24,2025-05-06,232.2,Health & Beauty
CUST1038,INV17026,Home textile,1,50.7,0.09,2025-05-14,46.14,Home Essentials
CUST1018,INV29887,Bags,3,30.21,0.29,2025-05-09,64.35,Fashion
CUST1001,INV29555,Home textile,5,50.72,0.18,2025-05-14,207.95,Home Essentials
CUST1049,INV83772,Stationery,3,22.68,0.17,2025-05-10,56.47,Office Supplies
CUST1011,INV49824,Stationery,5,25.87,0.22,2025-05-16,100.89,Office Supplies
CUST1045,INV21164,Beauty and Clean products,1,54.85,0.24,2025-05-26,41.69,Health & Beauty
CUST1028,INV42530,Household supplies,2,47.7,0.2,2025-05-03,76.32,Home Essentials
CUST1022,INV25525,Electronics,4,92.34,0.04,2025-05-12,354.59,Electronics
CUST1018,INV83147,Stationery,1,42.62,0.1,2025-05-09,38.36,Office Supplies
CUST1010,INV64548,Electronics,4,62.25,0.28,2025-05-31,179.28,Electronics
CUST1014,INV89471,Electronics,2,66.9,0.07,2025-05-08,124.43,Electronics
CUST1049,INV88135,Beauty and Clean products,2,11.18,0.11,2025-05-24,19.9,Health & Beauty
CUST1022,INV91057,Bags,1,69.72,0.13,2025-05-21,60.66,Fashion
CUST1007,INV39581,Beauty and Clean products,2,26.02,0.13,2025-05-16,45.27,Health & Beauty
CUST1006,INV78494,Household supplies,5,96.5,0.18,2025-05-20,395.65,Home Essentials
CUST1025,INV59856,Children's products,2,23.38,0.28,2025-05-20,33.67,Toys & Kids
CUST1007,INV69049,Stationery,4,47.32,0.07,2025-05-07,176.03,Office Supplies
CUST1023,INV68028,Fashion accessories,4,17.68,0.04,2025-05-15,67.89,Fashion
CUST1023,INV48974,Fashion accessories,4,99.72,0.06,2025-05-04,374.95,Fashion
CUST1039,INV87139,Apparel,4,55.2,0.27,2025-05-05,161.18,Fashion
CUST1017,INV66207,Bags,5,63.58,0.19,2025-05-10,257.5,Fashion
CUST1003,INV50026,Household supplies,3,16.04,0.09,2025-05-01,43.79,Home Essentials
CUST1047,INV84531,Children's products,1,77.5,0.24,2025-05-31,58.9,Toys & Kids
CUST1030,INV91399,Household supplies,4,28.89,0.26,2025-05-13,85.51,Home Essentials
CUST1035,INV17894,Bags,2,90.82,0.25,2025-05-11,136.23,Fashion
CUST1008,INV89905,Beauty and Clean products,4,28.46,0.28,2025-05-27,81.96,Health & Beauty
CUST1025,INV23006,Children's products,2,27.16,0.08,2025-05-20,49.97,Toys & Kids
CUST1006,INV37235,Apparel,2,13.29,0.23,2025-05-13,20.47,Fashion
CUST1036,INV91987,Electronics,4,52.49,0.14,2025-05-26,180.57,Electronics
CUST1019,INV37659,Bags,5,60.84,0.25,2025-05-28,228.15,Fashion
CUST1041,INV44687,Bags,2,15.91,0.22,2025-05-11,24.82,Fashion
CUST1040,INV96563,Electronics,2,79.8,0.23,2025-05-15,122.89,Electronics
CUST1024,INV20641,Fashion accessories,4,50.8,0.2,2025-05-11,162.56,Fashion
CUST1037,INV30585,Beauty and Clean products,2,57.2,0.05,2025-05-14,108.68,Health & Beauty
CUST1013,INV41439,Fashion accessories,2,49.67,0.16,2025-05-27,83.45,Fashion
CUST1046,INV32782,Children's products,4,46.07,0.3,2025-05-27,129.0,Toys & Kids
CUST1005,INV82350,Stationery,4,60.37,0.28,2025-05-28,173.87,Office Supplies
CUST1003,INV19838,Household supplies,1,23.97,0.01,2025-05-21,23.73,Home Essentials
CUST1043,INV30517,Apparel,5,26.37,0.05,2025-05-20,125.26,Fashion
CUST1015,INV10350,Beauty and Clean products,5,87.56,0.04,2025-05-05,420.29,Health & Beauty
CUST1050,INV63545,Home textile,2,95.15,0.22,2025-05-10,148.43,Home Essentials
CUST1019,INV69048,Children's products,5,43.6,0.25,2025-05-11,163.5,Toys & Kids
CUST1006,INV87832,Apparel,2,34.37,0.06,2025-05-20,64.62,Fashion
CUST1015,INV71592,Stationery,1,67.96,0.15,2025-05-31,57.77,Office Supplies
CUST1007,INV48175,Bags,4,46.79,0.25,2025-05-23,140.37,Fashion
CUST1025,INV14278,Fashion accessories,4,12.28,0.22,2025-05-07,38.31,Fashion
CUST1018,INV40340,Home textile,4,24.05,0.16,2025-05-16,80.81,Home Essentials
CUST1030,INV47762,Bags,5,74.44,0.18,2025-05-11,305.2,Fashion
CUST1041,INV47056,Fashion accessories,1,69.3,0.15,2025-05-06,58.9,Fashion
CUST1024,INV69510,Fashion accessories,5,12.44,0.09,2025-05-31,56.6,Fashion
CUST1011,INV19329,Fashion accessories,5,29.98,0.17,2025-05-13,124.42,Fashion
CUST1024,INV40595,Fashion accessories,1,30.8,0.21,2025-05-31,24.33,Fashion
CUST1023,INV44675,Fashion accessories,1,70.47,0.26,2025-05-11,52.15,Fashion
CUST1014,INV91927,Beauty and Clean products,1,11.77,0.19,2025-05-10,9.53,Health & Beauty
CUST1043,INV87304,Apparel,1,19.37,0.23,2025-05-24,14.91,Fashion
CUST1018,INV96662,Electronics,4,81.99,0.05,2025-05-23,311.56,Electronics
CUST1045,INV35928,Beauty and Clean products,3,26.07,0.14,2025-05-21,67.26,Health & Beauty
CUST1044,INV65723,Apparel,3,68.75,0.0,2025-05-16,206.25,Fashion
CUST1042,INV25043,Home textile,1,31.44,0.07,2025-05-31,29.24,Home Essentials
CUST1005,INV81376,Household supplies,3,18.95,0.22,2025-05-19,44.34,Home Essentials
CUST1039,INV39466,Beauty and Clean products,3,31.89,0.3,2025-05-26,66.97,Health & Beauty
CUST1041,INV94886,Home textile,1,75.0,0.03,2025-05-08,72.75,Home Essentials
CUST1011,INV29528,Bags,3,87.01,0.12,2025-05-11,229.71,Fashion
CUST1035,INV44816,Home textile,5,84.72,0.24,2025-05-13,321.94,Home Essentials
CUST1047,INV28643,Children's products,2,45.75,0.06,2025-05-09,86.01,Toys & Kids
CUST1016,INV19359,Bags,2,70.13,0.17,2025-05-27,116.42,Fashion
CUST1011,INV17816,Home textile,1,28.45,0.22,2025-05-26,22.19,Home Essentials
CUST1030,INV31747,Stationery,4,36.38,0.18,2025-05-13,119.33,Office Supplies
CUST1025,INV50319,Beauty and Clean products,1,90.67,0.06,2025-05-12,85.23,Health & Beauty
CUST1018,INV87993,Home textile,4,11.17,0.11,2025-05-04,39.77,Home Essentials
CUST1041,INV84607,Fashion accessories,2,17.7,0.24,2025-05-30,26.9,Fashion
CUST1045,INV47828,Home textile,1,28.71,0.17,2025-05-19,23.83,Home Essentials
CUST1036,INV67560,Stationery,5,12.39,0.0,2025-05-07,61.95,Office Supplies
CUST1015,INV26299,Electronics,3,26.33,0.23,2025-05-19,60.82,Electronics
CUST1044,INV71433,Electronics,4,62.47,0.01,2025-05-18,247.38,Electronics
CUST1021,INV49857,Stationery,3,47.93,0.22,2025-05-06,112.16,Office Supplies
CUST1050,INV62757,Stationery,3,90.34,0.06,2025-05-22,254.76,Office Supplies
CUST1050,INV45683,Bags,1,83.57,0.29,2025-05-25,59.33,Fashion
CUST1004,INV75597,Electronics,3,40.76,0.11,2025-05-18,108.83,Electronics
CUST1015,INV80776,Beauty and Clean products,5,33.35,0.1,2025-05-01,150.08,Health & Beauty
CUST1003,INV74722,Household supplies,3,44.17,0.04,2025-05-31,127.21,Home Essentials
CUST1021,INV67377,Children's products,1,63.13,0.09,2025-05-24,57.45,Toys & Kids
CUST1026,INV20543,Beauty and Clean products,5,34.13,0.26,2025-05-15,126.28,Health & Beauty
CUST1018,INV88385,Children's products,2,66.17,0.3,2025-05-31,92.64,Toys & Kids
CUST1005,INV15224,Beauty and Clean products,3,46.85,0.11,2025-05-23,125.09,Health & Beauty
CUST1014,INV66626,Home textile,1,59.68,0.13,2025-05-07,51.92,Home Essentials
CUST1037,INV52247,Household supplies,2,49.25,0.22,2025-05-15,76.83,Home Essentials
CUST1046,INV89129,Fashion accessories,2,36.5,0.27,2025-05-26,53.29,Fashion
CUST1021,INV42816,Apparel,4,95.36,0.18,2025-05-10,312.78,Fashion
CUST1014,INV13390,Fashion accessories,5,78.72,0.12,2025-05-27,346.37,Fashion
CUST1042,INV21970,Electronics,3,22.61,0.12,2025-05-23,59.69,Electronics
CUST1032,INV40005,Household supplies,1,88.16,0.21,2025-05-03,69.65,Home Essentials
CUST1026,INV98381,Beauty and Clean products,4,53.87,0.0,2025-05-27,215.48,Health & Beauty
CUST1042,INV85392,Children's products,5,90.51,0.19,2025-05-28,366.57,Toys & Kids
CUST1030,INV86955,Household supplies,4,81.99,0.11,2025-05-26,291.88,Home Essentials
CUST1010,INV12719,Home textile,5,48.27,0.24,2025-05-26,183.43,Home Essentials
CUST1017,INV98117,Beauty and Clean products,5,12.02,0.03,2025-05-14,58.3,Health & Beauty
CUST1009,INV45325,Home textile,3,34.18,0.18,2025-05-22,84.08,Home Essentials
CUST1016,INV85529,Household supplies,5,58.75,0.14,2025-05-16,252.62,Home Essentials
CUST1048,INV15273,Bags,4,67.01,0.19,2025-05-05,217.11,Fashion
CUST1036,INV32962,Home textile,5,33.21,0.02,2025-05-21,162.73,Home Essentials
CUST1035,INV71669,Apparel,3,22.54,0.17,2025-05-10,56.12,Fashion
CUST1017,INV78021,Apparel,3,85.14,0.17,2025-05-08,212.0,Fashion
CUST1048,INV95394,Electronics,4,98.6,0.17,2025-05-09,327.35,Electronics
CUST1038,INV67963,Apparel,2,57.31,0.18,2025-05-22,93.99,Fashion
CUST1028,INV46458,Home textile,2,25.45,0.2,2025-05-05,40.72,Home Essentials
CUST1038,INV33788,Stationery,5,34.51,0.24,2025-05-23,131.14,Office Supplies
CUST1026,INV86720,Electronics,1,11.66,0.08,2025-05-14,10.73,Electronics
CUST1024,INV67132,Electronics,5,92.29,0.25,2025-05-26,346.09,Electronics
CUST1015,INV93202,Home textile,4,20.6,0.15,2025-05-13,70.04,Home Essentials
CUST1009,INV74451,Fashion accessories,4,61.89,0.02,2025-05-03,242.61,Fashion
CUST1033,INV21959,Household supplies,4,34.66,0.02,2025-05-15,135.87,Home Essentials
CUST1032,INV71605,Bags,4,59.88,0.1,2025-05-20,215.57,Fashion
CUST1006,INV55607,Apparel,4,68.63,0.24,2025-05-16,208.64,Fashion
CUST1049,INV63523,Bags,3,84.68,0.21,2025-05-19,200.69,Fashion
CUST1004,INV53687,Apparel,2,28.58,0.24,2025-05-13,43.44,Fashion
CUST1008,INV52081,Stationery,4,10.99,0.16,2025-05-18,36.93,Office Supplies
CUST1010,INV97835,Fashion accessories,1,22.32,0.13,2025-05-17,19.42,Fashion
CUST1041,INV23710,Household supplies,1,91.0,0.04,2025-05-30,87.36,Home Essentials
CUST1011,INV31079,Home textile,1,88.65,0.1,2025-05-30,79.79,Home Essentials
CUST1044,INV53228,Bags,1,63.77,0.13,2025-05-28,55.48,Fashion
CUST1028,INV63955,Bags,3,64.05,0.03,2025-05-23,186.39,Fashion
CUST1039,INV74942,Home textile,1,69.85,0.07,2025-05-14,64.96,Home Essentials
CUST1005,INV47777,Household supplies,4,25.78,0.18,2025-05-18,84.56,Home Essentials
CUST1025,INV96846,Household supplies,5,92.3,0.22,2025-05-02,359.97,Home Essentials
CUST1025,INV62488,Electronics,1,47.69,0.3,2025-05-26,33.38,Electronics
CUST1039,INV82102,Apparel,3,44.48,0.28,2025-05-31,96.08,Fashion
CUST1030,INV14809,Stationery,3,56.7,0.19,2025-05-12,137.78,Office Supplies
CUST1034,INV69614,Electronics,1,14.23,0.13,2025-05-23,12.38,Electronics
CUST1017,INV21542,Home textile,5,24.97,0.19,2025-05-29,101.13,Home Essentials
CUST1036,INV51224,Electronics,1,76.42,0.24,2025-05-26,58.08,Electronics
CUST1001,INV43082,Beauty and Clean products,3,17.45,0.04,2025-05-18,50.26,Health & Beauty
CUST1044,INV52372,Home textile,2,64.28,0.12,2025-05-20,113.13,Home Essentials
CUST1047,INV25194,Apparel,4,32.08,0.25,2025-05-21,96.24,Fashion
CUST1008,INV62976,Household supplies,3,45.04,0.12,2025-05-30,118.91,Home Essentials
CUST1044,INV77449,Beauty and Clean products,1,35.98,0.17,2025-05-03,29.86,Health & Beauty
CUST1035,INV10150,Bags,4,42.01,0.18,2025-05-04,137.79,Fashion
CUST1049,INV96200,Apparel,1,74.71,0.06,2025-05-25,70.23,Fashion
CUST1018,INV81118,Home textile,1,36.74,0.11,2025-05-08,32.7,Home Essentials
CUST1050,INV70552,Fashion accessories,2,60.98,0.1,2025-05-22,109.76,Fashion
CUST1042,INV64165,Stationery,4,52.84,0.01,2025-05-22,209.25,Office Supplies
CUST1022,INV17104,Beauty and Clean products,4,69.73,0.01,2025-05-12,276.13,Health & Beauty
CUST1008,INV34586,Stationery,2,94.31,0.25,2025-05-06,141.46,Office Supplies
CUST1019,INV77952,Electronics,3,75.93,0.08,2025-05-21,209.57,Electronics
CUST1028,INV57419,Beauty and Clean products,1,29.34,0.16,2025-05-20,24.65,Health & Beauty
CUST1011,INV91609,Stationery,5,12.81,0.09,2025-05-02,58.29,Office Supplies
CUST1030,INV75338,Bags,1,33.6,0.28,2025-05-19,24.19,Fashion
CUST1001,INV91973,Children's products,1,63.56,0.08,2025-05-21,58.48,Toys & Kids
CUST1047,INV67939,Home textile,3,14.63,0.13,2025-05-22,38.18,Home Essentials
CUST1047,INV16764,Home textile,1,54.67,0.26,2025-05-21,40.46,Home Essentials
CUST1017,INV36680,Apparel,2,63.72,0.25,2025-05-13,95.58,Fashion
CUST1033,INV45003,Beauty and Clean products,2,40.08,0.06,2025-05-31,75.35,Health & Beauty
CUST1049,INV81987,Stationery,4,79.38,0.24,2025-05-25,241.32,Office Supplies
CUST1012,INV27172,Electronics,5,19.59,0.14,2025-05-11,84.24,Electronics
CUST1033,INV47752,Home textile,1,16.76,0.14,2025-05-31,14.41,Home Essentials
CUST1007,INV67424,Home textile,1,75.54,0.04,2025-05-26,72.52,Home Essentials
CUST1041,INV73532,Electronics,3,54.59,0.02,2025-05-14,160.49,Electronics
CUST1020,INV25915,Bags,2,71.96,0.22,2025-05-04,112.26,Fashion
CUST1041,INV13783,Stationery,5,49.13,0.15,2025-05-01,208.8,Office Supplies
CUST1033,INV92578,Fashion accessories,4,32.18,0.13,2025-05-04,111.99,Fashion
CUST1039,INV89806,Home textile,2,83.72,0.22,2025-05-09,130.6,Home Essentials
CUST1013,INV41365,Apparel,4,81.95,0.23,2025-05-08,252.41,Fashion
CUST1010,INV30758,Home textile,3,72.52,0.05,2025-05-17,206.68,Home Essentials
CUST1024,INV50730,Household supplies,3,34.49,0.18,2025-05-24,84.85,Home Essentials
CUST1049,INV82199,Children's products,1,63.12,0.04,2025-05-17,60.6,Toys & Kids
CUST1011,INV11792,Bags,5,42.49,0.23,2025-05-18,163.59,Fashion
CUST1035,INV82384,Beauty and Clean products,4,18.24,0.2,2025-05-19,58.37,Health & Beauty
CUST1050,INV63476,Stationery,2,92.56,0.29,2025-05-23,131.44,Office Supplies
CUST1034,INV22217,Electronics,3,22.31,0.02,2025-05-19,65.59,Electronics
CUST1001,INV39451,Fashion accessories,1,95.52,0.02,2025-05-08,93.61,Fashion
CUST1039,INV24871,Apparel,1,50.14,0.08,2025-05-15,46.13,Fashion
CUST1021,INV70482,Fashion accessories,4,26.66,0.08,2025-05-12,98.11,Fashion
CUST1032,INV25396,Bags,3,58.77,0.07,2025-05-13,163.97,Fashion
CUST1002,INV94896,Household supplies,5,88.57,0.27,2025-05-15,323.28,Home Essentials
CUST1008,INV30181,Household supplies,3,75.9,0.07,2025-05-25,211.76,Home Essentials
CUST1024,INV75323,Electronics,4,82.59,0.08,2025-05-22,303.93,Electronics
CUST1020,INV48254,Children's products,4,69.29,0.23,2025-05-19,213.41,Toys & Kids
CUST1016,INV76698,Household supplies,3,72.3,0.13,2025-05-23,188.7,Home Essentials
CUST1004,INV45838,Electronics,4,86.43,0.23,2025-05-17,266.2,Electronics
CUST1016,INV64459,Children's products,3,32.47,0.02,2025-05-05,95.46,Toys & Kids
CUST1037,INV73242,Bags,2,54.05,0.15,2025-05-12,91.88,Fashion
CUST1006,INV71894,Stationery,3,29.91,0.01,2025-05-01,88.83,Office Supplies
CUST1006,INV41946,Bags,3,98.89,0.02,2025-05-16,290.74,Fashion
CUST1047,INV69871,Electronics,4,94.97,0.27,2025-05-04,277.31,Electronics
CUST1032,INV82255,Stationery,4,13.55,0.04,2025-05-10,52.03,Office Supplies
CUST1005,INV28958,Electronics,1,73.5,0.16,2025-05-14,61.74,Electronics
CUST1049,INV60277,Bags,1,93.27,0.12,2025-05-30,82.08,Fashion
CUST1035,INV34983,Home textile,2,26.25,0.1,2025-05-31,47.25,Home Essentials
CUST1050,INV88561,Home textile,1,61.12,0.27,2025-05-03,44.62,Home Essentials
CUST1009,INV76616,Bags,3,92.39,0.01,2025-05-04,274.4,Fashion
CUST1009,INV27892,Fashion accessories,4,13.06,0.2,2025-05-27,41.79,Fashion
CUST1043,INV19150,Fashion accessories,1,72.77,0.29,2025-05-31,51.67,Fashion
CUST1031,INV46208,Household supplies,1,36.76,0.17,2025-05-24,30.51,Home Essentials
CUST1036,INV64387,Household supplies,2,93.2,0.28,2025-05-05,134.21,Home Essentials
CUST1011,INV54548,Stationery,2,97.4,0.02,2025-05-12,190.9,Office Supplies
CUST1017,INV76550,Stationery,3,94.98,0.13,2025-05-10,247.9,Office Supplies
CUST1034,INV45018,Home textile,4,52.68,0.08,2025-05-11,193.86,Home Essentials
CUST1039,INV10336,Fashion accessories,2,87.58,0.22,2025-05-15,136.62,Fashion
CUST1028,INV47072,Children's products,1,86.01,0.29,2025-05-26,61.07,Toys & Kids
CUST1014,INV49132,Bags,4,38.72,0.08,2025-05-07,142.49,Fashion
CUST1035,INV86931,Children's products,4,84.6,0.2,2025-05-17,270.72,Toys & Kids
CUST1049,INV86011,Stationery,1,13.33,0.06,2025-05-16,12.53,Office Supplies
CUST1047,INV96499,Children's products,2,63.66,0.17,2025-05-12,105.68,Toys & Kids
CUST1045,INV74178,Electronics,1,30.7,0.14,2025-05-16,26.4,Electronics
CUST1013,INV29476,Beauty and Clean products,4,20.85,0.29,2025-05-04,59.21,Health & Beauty
CUST1046,INV68529,Home textile,5,16.93,0.18,2025-05-15,69.41,Home Essentials
CUST1020,INV80592,Fashion accessories,5,72.67,0.1,2025-05-24,327.02,Fashion
CUST1026,INV73483,Home textile,3,40.59,0.03,2025-05-23,118.12,Home Essentials
CUST1043,INV55236,Electronics,1,75.23,0.05,2025-05-15,71.47,Electronics
CUST1042,INV53573,Fashion accessories,1,15.88,0.07,2025-05-11,14.77,Fashion
CUST1024,INV82340,Stationery,3,38.38,0.08,2025-05-03,105.93,Office Supplies
CUST1029,INV81228,Bags,3,58.55,0.26,2025-05-10,129.98,Fashion
CUST1034,INV59441,Bags,3,81.17,0.17,2025-05-02,202.11,Fashion
CUST1029,INV69682,Household supplies,4,38.69,0.16,2025-05-26,130.0,Home Essentials
CUST1008,INV52176,Apparel,1,66.33,0.03,2025-05-23,64.34,Fashion
CUST1016,INV34727,Electronics,4,89.74,0.26,2025-05-04,265.63,Electronics
CUST1015,INV41300,Fashion accessories,3,65.43,0.22,2025-05-01,153.11,Fashion
CUST1005,INV84946,Apparel,1,30.97,0.02,2025-05-28,30.35,Fashion
CUST1022,INV60196,Apparel,4,12.2,0.21,2025-05-11,38.55,Fashion
CUST1002,INV40613,Bags,4,88.31,0.16,2025-05-21,296.72,Fashion
CUST1038,INV63841,Stationery,3,11.91,0.02,2025-05-04,35.02,Office Supplies
CUST1036,INV15720,Home textile,1,88.72,0.14,2025-05-22,76.3,Home Essentials
CUST1015,INV51704,Bags,3,57.6,0.15,2025-05-26,146.88,Fashion
CUST1038,INV71993,Electronics,1,94.52,0.05,2025-05-06,89.79,Electronics
CUST1015,INV59968,Electronics,5,81.89,0.28,2025-05-30,294.8,Electronics
CUST1001,INV60604,Fashion accessories,2,99.81,0.25,2025-05-24,149.72,Fashion
CUST1005,INV96991,Home textile,2,41.56,0.2,2025-05-08,66.5,Home Essentials
CUST1046,INV95461,Stationery,2,79.05,0.14,2025-05-17,135.97,Office Supplies
CUST1041,INV29936,Fashion accessories,3,46.17,0.12,2025-05-06,121.89,Fashion
CUST1004,INV74923,Stationery,5,53.19,0.2,2025-05-18,212.76,Office Supplies
CUST1015,INV14852,Stationery,1,66.48,0.16,2025-05-06,55.84,Office Supplies
CUST1005,INV26547,Apparel,4,88.63,0.02,2025-05-11,347.43,Fashion
CUST1003,INV75836,Fashion accessories,1,98.57,0.15,2025-05-18,83.78,Fashion
CUST1022,INV87356,Beauty and Clean products,4,79.14,0.24,2025-05-14,240.59,Health & Beauty
CUST1005,INV53515,Bags,1,47.6,0.14,2025-05-31,40.94,Fashion
CUST1033,INV23154,Fashion accessories,5,47.92,0.02,2025-05-15,234.81,Fashion
CUST1016,INV67711,Stationery,4,76.38,0.24,2025-05-08,232.2,Office Supplies
CUST1018,INV23069,Household supplies,3,31.49,0.06,2025-05-26,88.8,Home Essentials
CUST1043,INV78937,Stationery,1,19.94,0.08,2025-05-13,18.34,Office Supplies
CUST1032,INV69890,Stationery,1,41.92,0.05,2025-05-21,39.82,Office Supplies
CUST1014,INV12011,Home textile,4,35.85,0.1,2025-05-06,129.06,Home Essentials
CUST1035,INV28894,Children's products,3,36.67,0.23,2025-05-06,84.71,Toys & Kids
CUST1009,INV63736,Home textile,3,31.02,0.16,2025-05-21,78.17,Home Essentials
CUST1047,INV95823,Fashion accessories,5,13.79,0.06,2025-05-22,64.81,Fashion
CUST1037,INV30232,Household supplies,3,11.61,0.26,2025-05-14,25.77,Home Essentials
CUST1037,INV19807,Bags,3,98.9,0.26,2025-05-13,219.56,Fashion
CUST1031,INV71537,Household supplies,3,48.5,0.26,2025-05-01,107.67,Home Essentials
CUST1016,INV44737,Children's products,2,44.59,0.07,2025-05-24,82.94,Toys & Kids
CUST1031,INV54375,Fashion accessories,5,71.17,0.14,2025-05-20,306.03,Fashion
CUST1027,INV91691,Household supplies,1,29.64,0.3,2025-05-29,20.75,Home Essentials
CUST1013,INV62098,Stationery,4,95.5,0.23,2025-05-07,294.14,Office Supplies
CUST1007,INV95175,Household supplies,1,80.77,0.01,2025-05-15,79.96,Home Essentials
CUST1007,INV20527,Fashion accessories,5,18.05,0.02,2025-05-19,88.44,Fashion
CUST1043,INV53065,Bags,4,47.58,0.14,2025-05-14,163.68,Fashion
CUST1028,INV98389,Fashion accessories,5,89.12,0.27,2025-05-13,325.29,Fashion
CUST1023,INV79942,Stationery,3,95.03,0.16,2025-05-01,239.48,Office Supplies
CUST1028,INV59808,Stationery,4,52.07,0.15,2025-05-23,177.04,Office Supplies
CUST1027,INV51505,Stationery,3,65.21,0.03,2025-05-07,189.76,Office Supplies
CUST1030,INV92155,Home textile,1,25.03,0.2,2025-05-07,20.02,Home Essentials
CUST1047,INV73956,Beauty and Clean products,1,99.21,0.25,2025-05-09,74.41,Health & Beauty
CUST1004,INV80912,Beauty and Clean products,4,30.85,0.11,2025-05-25,109.83,Health & Beauty
CUST1044,INV14705,Bags,4,94.85,0.23,2025-05-23,292.14,Fashion
CUST1042,INV90931,Beauty and Clean products,5,68.47,0.29,2025-05-26,243.07,Health & Beauty
CUST1042,INV18968,Household supplies,5,64.7,0.06,2025-05-26,304.09,Home Essentials
CUST1007,INV40771,Children's products,3,56.14,0.16,2025-05-03,141.47,Toys & Kids
CUST1004,INV92727,Apparel,4,30.76,0.09,2025-05-19,111.97,Fashion
CUST1026,INV99705,Beauty and Clean products,1,25.89,0.24,2025-05-04,19.68,Health & Beauty
CUST1047,INV47667,Electronics,5,29.84,0.17,2025-05-26,123.84,Electronics
CUST1022,INV39817,Fashion accessories,5,26.78,0.19,2025-05-28,108.46,Fashion
CUST1007,INV21846,Household supplies,1,80.16,0.24,2025-05-18,60.92,Home Essentials
CUST1016,INV66881,Household supplies,5,41.51,0.12,2025-05-06,182.64,Home Essentials
CUST1013,INV22903,Electronics,3,15.21,0.27,2025-05-12,33.31,Electronics
CUST1013,INV93066,Children's products,4,97.22,0.16,2025-05-11,326.66,Toys & Kids
CUST1035,INV23173,Apparel,1,89.54,0.05,2025-05-07,85.06,Fashion
CUST1029,INV68153,Household supplies,4,93.5,0.21,2025-05-15,295.46,Home Essentials
CUST1009,INV31805,Electronics,5,99.54,0.24,2025-05-04,378.25,Electronics
CUST1028,INV49251,Bags,5,25.65,0.1,2025-05-09,115.42,Fashion
CUST1012,INV13794,Beauty and Clean products,1,45.66,0.26,2025-05-22,33.79,Health & Beauty
CUST1018,INV16028,Stationery,3,78.24,0.27,2025-05-28,171.35,Office Supplies
CUST1030,INV52516,Electronics,2,72.64,0.08,2025-05-16,133.66,Electronics
CUST1016,INV17355,Apparel,1,23.85,0.3,2025-05-17,16.7,Fashion
CUST1005,INV48452,Electronics,2,83.42,0.04,2025-05-31,160.17,Electronics
CUST1029,INV56984,Electronics,2,30.2,0.06,2025-05-21,56.78,Electronics
CUST1036,INV59131,Children's products,3,30.14,0.06,2025-05-11,84.99,Toys & Kids
CUST1007,INV66450,Home textile,2,58.33,0.27,2025-05-20,85.16,Home Essentials
CUST1004,INV29080,Stationery,2,63.36,0.2,2025-05-13,101.38,Office Supplies
CUST1042,INV42007,Home textile,3,62.21,0.05,2025-05-20,177.3,Home Essentials
CUST1035,INV79621,Home textile,2,18.23,0.13,2025-05-13,31.72,Home Essentials
CUST1001,INV64008,Home textile,2,88.97,0.18,2025-05-19,145.91,Home Essentials
CUST1006,INV84177,Apparel,2,33.9,0.03,2025-05-04,65.77,Fashion
CUST1049,INV99364,Stationery,1,21.66,0.26,2025-05-12,16.03,Office Supplies
CUST1016,INV33600,Home textile,1,89.99,0.24,2025-05-12,68.39,Home Essentials
CUST1011,INV32280,Fashion accessories,1,96.01,0.15,2025-05-28,81.61,Fashion
CUST1027,INV32946,Fashion accessories,3,87.59,0.29,2025-05-15,186.57,Fashion
CUST1032,INV20350,Bags,5,82.86,0.13,2025-05-20,360.44,Fashion
CUST1031,INV89887,Home textile,2,68.97,0.3,2025-05-06,96.56,Home Essentials
CUST1014,INV60140,Children's products,2,59.58,0.2,2025-05-27,95.33,Toys & Kids
CUST1026,INV91226,Electronics,3,17.83,0.19,2025-05-22,43.33,Electronics
CUST1004,INV99539,Bags,2,46.76,0.05,2025-05-23,88.84,Fashion
CUST1011,INV41566,Household supplies,1,43.54,0.26,2025-05-26,32.22,Home Essentials
CUST1025,INV75230,Electronics,5,33.38,0.13,2025-05-10,145.2,Electronics
CUST1001,INV86435,Children's products,4,75.11,0.05,2025-05-30,285.42,Toys & Kids
CUST1025,INV28758,Stationery,2,54.63,0.0,2025-05-20,109.26,Office Supplies
CUST1017,INV40433,Bags,1,17.29,0.17,2025-05-19,14.35,Fashion
CUST1030,INV70443,Beauty and Clean products,4,29.82,0.16,2025-05-03,100.2,Health & Beauty
CUST1019,INV93611,Household supplies,5,71.49,0.22,2025-05-22,278.81,Home Essentials
CUST1028,INV43289,Apparel,4,16.85,0.27,2025-05-05,49.2,Fashion
CUST1045,INV70236,Apparel,1,86.61,0.02,2025-05-11,84.88,Fashion
CUST1047,INV43466,Children's products,4,54.56,0.22,2025-05-04,170.23,Toys & Kids
CUST1036,INV97404,Stationery,3,53.25,0.06,2025-05-08,150.16,Office Supplies
CUST1043,INV11231,Home textile,4,63.32,0.26,2025-05-10,187.43,Home Essentials
CUST1046,INV70981,Home textile,2,84.22,0.25,2025-05-04,126.33,Home Essentials
CUST1032,INV47700,Children's products,2,41.3,0.16,2025-05-06,69.38,Toys & Kids
CUST1010,INV98815,Stationery,3,71.02,0.21,2025-05-12,168.32,Office Supplies
CUST1013,INV81643,Electronics,1,60.92,0.09,2025-05-23,55.44,Electronics
CUST1019,INV30706,Fashion accessories,2,34.03,0.14,2025-05-05,58.53,Fashion
CUST1014,INV19681,Electronics,5,89.08,0.25,2025-05-17,334.05,Electronics
CUST1004,INV67898,Electronics,2,81.77,0.14,2025-05-13,140.64,Electronics
CUST1038,INV55293,Household supplies,2,69.26,0.11,2025-05-14,123.28,Home Essentials
CUST1048,INV87014,Electronics,1,86.55,0.15,2025-05-20,73.57,Electronics
CUST1035,INV49210,Beauty and Clean products,4,88.06,0.25,2025-05-05,264.18,Health & Beauty
CUST1004,INV93746,Bags,2,73.75,0.1,2025-05-19,132.75,Fashion
CUST1048,INV65615,Apparel,3,85.33,0.05,2025-05-13,243.19,Fashion
CUST1021,INV42780,Fashion accessories,4,72.77,0.21,2025-05-14,229.95,Fashion
CUST1004,INV69878,Electronics,5,71.21,0.25,2025-05-06,267.04,Electronics
CUST1004,INV49599,Children's products,1,65.68,0.03,2025-05-16,63.71,Toys & Kids
CUST1038,INV36111,Children's products,5,77.74,0.07,2025-05-21,361.49,Toys & Kids
CUST1031,INV60422,Home textile,4,24.27,0.04,2025-05-18,93.2,Home Essentials
CUST1033,INV73335,Beauty and Clean products,4,89.28,0.1,2025-05-23,321.41,Health & Beauty
CUST1034,INV23979,Beauty and Clean products,4,88.47,0.14,2025-05-30,304.34,Health & Beauty
CUST1011,INV41091,Household supplies,5,12.63,0.22,2025-05-21,49.26,Home Essentials
CUST1004,INV59986,Electronics,4,84.32,0.2,2025-05-30,269.82,Electronics
CUST1033,INV84963,Electronics,5,21.6,0.19,2025-05-06,87.48,Electronics
CUST1006,INV57049,Household supplies,4,40.16,0.11,2025-05-18,142.97,Home Essentials
CUST1012,INV85341,Fashion accessories,3,76.92,0.25,2025-05-06,173.07,Fashion
CUST1005,INV48780,Beauty and Clean products,4,24.47,0.14,2025-05-16,84.18,Health & Beauty
CUST1039,INV48696,Bags,5,83.62,0.29,2025-05-10,296.85,Fashion
CUST1005,INV12875,Apparel,2,84.89,0.19,2025-05-05,137.52,Fashion
CUST1044,INV96275,Stationery,4,55.67,0.04,2025-05-06,213.77,Office Supplies
CUST1016,INV61879,Household supplies,2,10.57,0.2,2025-05-11,16.91,Home Essentials
CUST1026,INV45976,Home textile,3,35.83,0.1,2025-05-27,96.74,Home Essentials
CUST1008,INV11061,Apparel,1,65.52,0.21,2025-05-15,51.76,Fashion
CUST1037,INV84177,Home textile,3,98.31,0.02,2025-05-20,289.03,Home Essentials
CUST1016,INV99889,Beauty and Clean products,4,66.86,0.05,2025-05-02,254.07,Health & Beauty
CUST1038,INV16428,Apparel,2,33.38,0.26,2025-05-28,49.4,Fashion
CUST1039,INV89482,Beauty and Clean products,2,67.06,0.07,2025-05-12,124.73,Health & Beauty
CUST1003,INV75107,Fashion accessories,5,58.6,0.25,2025-05-31,219.75,Fashion
CUST1040,INV47512,Children's products,2,80.19,0.08,2025-05-01,147.55,Toys & Kids
CUST1006,INV40162,Home textile,5,19.63,0.19,2025-05-16,79.5,Home Essentials
CUST1027,INV89569,Fashion accessories,1,78.49,0.21,2025-05-05,62.01,Fashion
CUST1043,INV56179,Household supplies,4,58.71,0.15,2025-05-07,199.61,Home Essentials
CUST1038,INV38705,Bags,5,96.67,0.09,2025-05-27,439.85,Fashion
CUST1037,INV93442,Apparel,1,40.77,0.06,2025-05-13,38.32,Fashion
CUST1034,INV34920,Fashion accessories,2,66.94,0.01,2025-05-31,132.54,Fashion
CUST1021,INV91381,Electronics,2,93.88,0.09,2025-05-18,170.86,Electronics
CUST1017,INV42850,Fashion accessories,1,19.23,0.2,2025-05-17,15.38,Fashion
CUST1014,INV98835,Household supplies,2,94.35,0.28,2025-05-21,135.86,Home Essentials
CUST1043,INV96400,Bags,1,71.91,0.26,2025-05-16,53.21,Fashion
CUST1046,INV99241,Stationery,5,16.11,0.23,2025-05-14,62.02,Office Supplies
CUST1021,INV27927,Bags,5,37.09,0.24,2025-05-22,140.94,Fashion
CUST1016,INV92345,Apparel,1,73.74,0.2,2025-05-16,58.99,Fashion
CUST1017,INV22735,Home textile,5,16.06,0.08,2025-05-14,73.88,Home Essentials
CUST1026,INV92242,Home textile,5,62.4,0.27,2025-05-23,227.76,Home Essentials
CUST1009,INV94717,Fashion accessories,5,41.13,0.2,2025-05-27,164.52,Fashion
CUST1043,INV15167,Home textile,3,65.88,0.17,2025-05-15,164.04,Home Essentials
CUST1042,INV50492,Stationery,4,14.12,0.03,2025-05-16,54.79,Office Supplies
CUST1020,INV67779,Children's products,2,88.44,0.13,2025-05-06,153.89,Toys & Kids
CUST1030,INV14373,Fashion accessories,3,97.61,0.14,2025-05-03,251.83,Fashion
CUST1021,INV85965,Apparel,5,97.2,0.26,2025-05-19,359.64,Fashion
CUST1049,INV57823,Fashion accessories,1,77.47,0.16,2025-05-01,65.07,Fashion
CUST1005,INV27224,Beauty and Clean products,5,21.71,0.11,2025-05-26,96.61,Health & Beauty
CUST1001,INV21813,Beauty and Clean products,4,78.24,0.29,2025-05-25,222.2,Health & Beauty
CUST1030,INV48680,Beauty and Clean products,5,12.21,0.03,2025-05-08,59.22,Health & Beauty
CUST1040,INV52823,Stationery,1,11.99,0.13,2025-05-10,10.43,Office Supplies
CUST1037,INV64460,Home textile,4,39.12,0.01,2025-05-02,154.92,Home Essentials
CUST1007,INV33021,Electronics,5,53.98,0.22,2025-05-09,210.52,Electronics
CUST1005,INV36318,Fashion accessories,4,79.34,0.28,2025-05-08,228.5,Fashion
CUST1035,INV27322,Electronics,2,71.5,0.08,2025-05-18,131.56,Electronics
CUST1014,INV80701,Stationery,2,50.13,0.26,2025-05-10,74.19,Office Supplies
CUST1033,INV57953,Fashion accessories,5,34.63,0.09,2025-05-06,157.57,Fashion
CUST1017,INV79579,Stationery,4,99.74,0.27,2025-05-25,291.24,Office Supplies
CUST1009,INV75771,Home textile,1,48.36,0.23,2025-05-15,37.24,Home Essentials
CUST1023,INV45720,Home textile,5,50.62,0.24,2025-05-19,192.36,Home Essentials
CUST1005,INV31567,Stationery,2,24.73,0.01,2025-05-24,48.97,Office Supplies
CUST1016,INV43681,Apparel,2,81.53,0.29,2025-05-25,115.77,Fashion
CUST1024,INV73156,Household supplies,5,72.43,0.22,2025-05-25,282.48,Home Essentials
CUST1019,INV48684,Home textile,4,29.87,0.09,2025-05-16,108.73,Home Essentials
CUST1011,INV54396,Fashion accessories,2,17.41,0.25,2025-05-18,26.12,Fashion
CUST1029,INV25095,Fashion accessories,4,71.24,0.08,2025-05-17,262.16,Fashion
CUST1035,INV71385,Fashion accessories,2,68.91,0.26,2025-05-04,101.99,Fashion
CUST1046,INV19869,Electronics,2,34.59,0.03,2025-05-19,67.1,Electronics
CUST1020,INV28449,Household supplies,3,95.58,0.21,2025-05-04,226.52,Home Essentials
CUST1040,INV39571,Electronics,2,23.6,0.16,2025-05-09,39.65,Electronics
CUST1042,INV98647,Beauty and Clean products,1,48.91,0.03,2025-05-25,47.44,Health & Beauty
CUST1034,INV98395,Home textile,5,94.93,0.07,2025-05-18,441.42,Home Essentials
CUST1001,INV62089,Home textile,5,47.78,0.0,2025-05-27,238.9,Home Essentials
CUST1043,INV83048,Bags,4,67.47,0.14,2025-05-12,232.1,Fashion
CUST1036,INV57942,Apparel,2,45.78,0.09,2025-05-18,83.32,Fashion
CUST1020,INV21836,Household supplies,1,34.68,0.18,2025-05-27,28.44,Home Essentials
CUST1043,INV61717,Beauty and Clean products,4,98.56,0.09,2025-05-25,358.76,Health & Beauty
CUST1007,INV11824,Electronics,3,46.84,0.09,2025-05-02,127.87,Electronics
CUST1009,INV44663,Household supplies,4,90.47,0.22,2025-05-25,282.27,Home Essentials
CUST1017,INV80329,Children's products,4,30.7,0.01,2025-05-24,121.57,Toys & Kids
CUST1008,INV26199,Beauty and Clean products,2,29.18,0.27,2025-05-15,42.6,Health & Beauty
CUST1007,INV69609,Electronics,3,12.8,0.26,2025-05-18,28.42,Electronics
CUST1048,INV58311,Stationery,4,68.65,0.2,2025-05-07,219.68,Office Supplies
CUST1036,INV98188,Fashion accessories,1,43.17,0.18,2025-05-14,35.4,Fashion
CUST1010,INV98125,Apparel,1,87.79,0.27,2025-05-04,64.09,Fashion
CUST1018,INV44362,Stationery,5,52.59,0.06,2025-05-24,247.17,Office Supplies
CUST1019,INV86619,Children's products,3,97.14,0.02,2025-05-27,285.59,Toys & Kids
CUST1039,INV59941,Beauty and Clean products,3,26.7,0.07,2025-05-21,74.49,Health & Beauty
CUST1014,INV93695,Bags,5,88.18,0.24,2025-05-25,335.08,Fashion
CUST1046,INV58689,Children's products,4,79.89,0.01,2025-05-08,316.36,Toys & Kids
CUST1022,INV24201,Beauty and Clean products,3,79.38,0.17,2025-05-10,197.66,Health & Beauty
CUST1014,INV98452,Electronics,1,86.03,0.3,2025-05-28,60.22,Electronics
CUST1044,INV40647,Home textile,1,78.49,0.26,2025-05-02,58.08,Home Essentials
CUST1041,INV71797,Apparel,2,66.36,0.16,2025-05-15,111.48,Fashion
CUST1017,INV13280,Stationery,3,21.81,0.02,2025-05-09,64.12,Office Supplies
CUST1033,INV91205,Apparel,4,12.93,0.25,2025-05-12,38.79,Fashion
CUST1032,INV83584,Children's products,5,92.88,0.18,2025-05-28,380.81,Toys & Kids
CUST1017,INV52992,Apparel,5,65.5,0.03,2025-05-27,317.68,Fashion
CUST1004,INV89964,Fashion accessories,4,81.69,0.03,2025-05-03,316.96,Fashion
CUST1006,INV39015,Electronics,2,53.34,0.27,2025-05-15,77.88,Electronics
CUST1041,INV94889,Beauty and Clean products,5,20.56,0.2,2025-05-28,82.24,Health & Beauty
CUST1028,INV18285,Stationery,3,21.27,0.25,2025-05-04,47.86,Office Supplies
CUST1018,INV93283,Fashion accessories,2,71.7,0.26,2025-05-25,106.12,Fashion
CUST1003,INV70852,Children's products,3,48.73,0.17,2025-05-26,121.34,Toys & Kids
CUST1001,INV49608,Fashion accessories,1,28.05,0.16,2025-05-08,23.56,Fashion
CUST1022,INV95097,Home textile,2,54.24,0.13,2025-05-07,94.38,Home Essentials
CUST1050,INV63516,Electronics,5,15.78,0.1,2025-05-26,71.01,Electronics
CUST1009,INV25292,Fashion accessories,2,62.38,0.13,2025-05-24,108.54,Fashion
CUST1041,INV28320,Apparel,2,34.21,0.23,2025-05-19,52.68,Fashion
CUST1017,INV15943,Home textile,2,81.78,0.18,2025-05-23,134.12,Home Essentials
CUST1011,INV14877,Stationery,2,37.93,0.27,2025-05-12,55.38,Office Supplies
CUST1048,INV49893,Electronics,3,50.97,0.13,2025-05-28,133.03,Electronics
CUST1029,INV74569,Fashion accessories,1,11.05,0.18,2025-05-23,9.06,Fashion
CUST1036,INV25220,Home textile,4,16.52,0.19,2025-05-20,53.52,Home Essentials
CUST1046,INV22739,Fashion accessories,2,45.32,0.18,2025-05-21,74.32,Fashion
CUST1028,INV40775,Home textile,5,53.19,0.21,2025-05-14,210.1,Home Essentials
CUST1036,INV80457,Household supplies,2,64.0,0.07,2025-05-06,119.04,Home Essentials
CUST1001,INV27781,Electronics,5,36.25,0.15,2025-05-20,154.06,Electronics
CUST1008,INV60940,Children's products,3,72.55,0.03,2025-05-05,211.12,Toys & Kids
CUST1005,INV69459,Children's products,5,87.41,0.12,2025-05-26,384.6,Toys & Kids
CUST1045,INV58629,Household supplies,4,80.19,0.15,2025-05-07,272.65,Home Essentials
CUST1010,INV97881,Fashion accessories,1,13.57,0.2,2025-05-27,10.86,Fashion
CUST1035,INV80804,Household supplies,5,53.25,0.29,2025-05-07,189.04,Home Essentials
CUST1003,INV64935,Children's products,5,19.44,0.18,2025-05-26,79.7,Toys & Kids
CUST1024,INV86983,Household supplies,1,31.78,0.22,2025-05-02,24.79,Home Essentials
CUST1038,INV30253,Household supplies,4,98.8,0.15,2025-05-19,335.92,Home Essentials
CUST1036,INV64379,Children's products,2,22.82,0.19,2025-05-12,36.97,Toys & Kids
CUST1010,INV95841,Electronics,5,54.9,0.02,2025-05-18,269.01,Electronics
CUST1028,INV22978,Home textile,1,65.63,0.08,2025-05-09,60.38,Home Essentials
CUST1009,INV74139,Electronics,3,73.22,0.11,2025-05-20,195.5,Electronics
CUST1003,INV90694,Home textile,1,60.37,0.14,2025-05-18,51.92,Home Essentials
CUST1020,INV63492,Fashion accessories,3,10.88,0.01,2025-05-06,32.31,Fashion
CUST1024,INV46666,Household supplies,4,39.38,0.04,2025-05-11,151.22,Home Essentials
CUST1003,INV14288,Household supplies,2,56.59,0.08,2025-05-23,104.13,Home Essentials
CUST1023,INV58566,Bags,1,17.91,0.29,2025-05-10,12.72,Fashion
CUST1014,INV38477,Fashion accessories,5,41.56,0.1,2025-05-10,187.02,Fashion
CUST1044,INV68115,Apparel,4,12.99,0.14,2025-05-19,44.69,Fashion
CUST1016,INV68287,Apparel,1,17.07,0.06,2025-05-09,16.05,Fashion
CUST1043,INV40947,Home textile,5,45.72,0.18,2025-05-31,187.45,Home Essentials
CUST1007,INV57537,Stationery,1,21.94,0.08,2025-05-28,20.18,Office Supplies
CUST1023,INV23022,Household supplies,3,61.08,0.06,2025-05-17,172.25,Home Essentials
CUST1050,INV99873,Beauty and Clean products,1,72.05,0.15,2025-05-29,61.24,Health & Beauty
CUST1036,INV58147,Household supplies,1,82.05,0.0,2025-05-22,82.05,Home Essentials
CUST1027,INV81364,Bags,1,28.01,0.0,2025-05-27,28.01,Fashion
CUST1040,INV94518,Home textile,4,25.07,0.07,2025-05-04,93.26,Home Essentials
CUST1048,INV57012,Electronics,1,19.41,0.01,2025-05-05,19.22,Electronics
CUST1010,INV17936,Household supplies,5,67.28,0.03,2025-05-31,326.31,Home Essentials
CUST1016,INV62184,Electronics,3,73.58,0.1,2025-05-25,198.67,Electronics
CUST1011,INV46160,Children's products,3,12.84,0.24,2025-05-26,29.28,Toys & Kids
CUST1012,INV34878,Children's products,1,94.26,0.17,2025-05-14,78.24,Toys & Kids
CUST1027,INV26011,Fashion accessories,4,14.68,0.15,2025-05-30,49.91,Fashion
CUST1002,INV69600,Household supplies,4,58.72,0.09,2025-05-02,213.74,Home Essentials
CUST1012,INV22015,Fashion accessories,5,73.82,0.28,2025-05-09,265.75,Fashion
CUST1048,INV96870,Household supplies,1,88.39,0.12,2025-05-28,77.78,Home Essentials
CUST1022,INV37801,Stationery,3,74.27,0.03,2025-05-21,216.13,Office Supplies
CUST1027,INV94109,Bags,4,82.16,0.19,2025-05-05,266.2,Fashion
CUST1043,INV93819,Children's products,1,40.55,0.03,2025-05-23,39.33,Toys & Kids
CUST1048,INV88269,Children's products,4,83.33,0.1,2025-05-28,299.99,Toys & Kids
CUST1016,INV12799,Beauty and Clean products,4,17.21,0.15,2025-05-05,58.51,Health & Beauty
CUST1018,INV16629,Fashion accessories,3,90.53,0.26,2025-05-08,200.98,Fashion
CUST1011,INV53713,Children's products,2,59.28,0.15,2025-05-05,100.78,Toys & Kids
CUST1045,INV41925,Children's products,5,83.56,0.21,2025-05-23,330.06,Toys & Kids
CUST1007,INV26505,Beauty and Clean products,5,50.71,0.3,2025-05-11,177.48,Health & Beauty
CUST1025,INV84000,Bags,3,67.92,0.04,2025-05-27,195.61,Fashion
CUST1003,INV36896,Apparel,4,57.38,0.08,2025-05-08,211.16,Fashion
CUST1031,INV18992,Home textile,1,75.84,0.12,2025-05-25,66.74,Home Essentials
CUST1015,INV82641,Electronics,4,17.35,0.13,2025-05-27,60.38,Electronics
CUST1013,INV37152,Bags,3,15.43,0.12,2025-05-22,40.74,Fashion
CUST1030,INV86858,Stationery,5,32.24,0.27,2025-05-13,117.68,Office Supplies
CUST1023,INV38305,Beauty and Clean products,4,24.36,0.21,2025-05-16,76.98,Health & Beauty
CUST1020,INV40539,Fashion accessories,5,88.46,0.18,2025-05-05,362.69,Fashion
CUST1015,INV53064,Stationery,1,29.73,0.09,2025-05-19,27.05,Office Supplies
CUST1015,INV29340,Apparel,5,97.83,0.25,2025-05-21,366.86,Fashion
CUST1002,INV88116,Electronics,5,40.32,0.29,2025-05-09,143.14,Electronics
CUST1043,INV10371,Electronics,2,26.39,0.25,2025-05-21,39.58,Electronics
CUST1013,INV46342,Children's products,2,81.07,0.0,2025-05-14,162.14,Toys & Kids
CUST1026,INV28964,Household supplies,2,69.28,0.19,2025-05-13,112.23,Home Essentials
CUST1022,INV27038,Home textile,5,54.84,0.02,2025-05-15,268.72,Home Essentials
CUST1018,INV80807,Household supplies,3,59.98,0.08,2025-05-03,165.54,Home Essentials
CUST1005,INV42853,Beauty and Clean products,5,74.73,0.02,2025-05-21,366.18,Health & Beauty
CUST1050,INV32871,Bags,3,30.56,0.18,2025-05-26,75.18,Fashion
CUST1018,INV24408,Children's products,3,99.67,0.21,2025-05-29,236.22,Toys & Kids
CUST1023,INV96646,Fashion accessories,2,97.73,0.03,2025-05-25,189.6,Fashion
CUST1042,INV13379,Beauty and Clean products,4,68.53,0.12,2025-05-03,241.23,Health & Beauty
CUST1033,INV27275,Stationery,1,27.96,0.14,2025-05-13,24.05,Office Supplies
CUST1026,INV11947,Apparel,2,71.22,0.11,2025-05-17,126.77,Fashion
CUST1044,INV56955,Stationery,2,16.5,0.04,2025-05-24,31.68,Office Supplies
CUST1035,INV41186,Beauty and Clean products,4,12.76,0.13,2025-05-09,44.4,Health & Beauty
CUST1022,INV87182,Apparel,1,33.19,0.23,2025-05-23,25.56,Fashion
CUST1002,INV52437,Electronics,5,51.64,0.02,2025-05-30,253.04,Electronics
CUST1008,INV12068,Stationery,5,88.14,0.02,2025-05-29,431.89,Office Supplies
CUST1017,INV32838,Household supplies,2,75.45,0.11,2025-05-12,134.3,Home Essentials
CUST1012,INV44782,Beauty and Clean products,1,76.84,0.28,2025-05-15,55.32,Health & Beauty
CUST1038,INV16868,Beauty and Clean products,2,48.29,0.2,2025-05-31,77.26,Health & Beauty
CUST1017,INV26614,Household supplies,3,41.13,0.2,2025-05-16,98.71,Home Essentials
CUST1003,INV65176,Bags,2,43.39,0.11,2025-05-11,77.23,Fashion
CUST1007,INV78955,Home textile,2,98.89,0.18,2025-05-19,162.18,Home Essentials
CUST1039,INV24896,Household supplies,5,13.61,0.0,2025-05-01,68.05,Home Essentials
CUST1028,INV18330,Electronics,5,88.03,0.19,2025-05-28,356.52,Electronics
CUST1023,INV72422,Fashion accessories,5,62.08,0.27,2025-05-25,226.59,Fashion
CUST1047,INV68756,Fashion accessories,3,49.48,0.18,2025-05-28,121.72,Fashion
CUST1021,INV57453,Electronics,5,75.27,0.26,2025-05-24,278.5,Electronics
CUST1028,INV77271,Stationery,1,53.8,0.22,2025-05-03,41.96,Office Supplies
CUST1039,INV87812,Fashion accessories,4,88.61,0.04,2025-05-24,340.26,Fashion
CUST1033,INV24293,Electronics,1,91.06,0.27,2025-05-15,66.47,Electronics
CUST1008,INV69245,Household supplies,1,47.95,0.02,2025-05-21,46.99,Home Essentials
CUST1025,INV76039,Children's products,5,34.91,0.16,2025-05-22,146.62,Toys & Kids
CUST1037,INV39038,Bags,4,63.31,0.04,2025-05-23,243.11,Fashion
CUST1013,INV90623,Home textile,4,92.11,0.0,2025-05-12,368.44,Home Essentials
CUST1017,INV15683,Stationery,4,28.96,0.13,2025-05-28,100.78,Office Supplies
CUST1003,INV96363,Electronics,3,66.07,0.09,2025-05-03,180.37,Electronics
CUST1046,INV78347,Household supplies,5,66.84,0.15,2025-05-26,284.07,Home Essentials
CUST1028,INV49535,Stationery,4,75.98,0.17,2025-05-18,252.25,Office Supplies
CUST1001,INV70036,Beauty and Clean products,3,21.84,0.01,2025-05-13,64.86,Health & Beauty
CUST1034,INV94323,Home textile,2,74.42,0.04,2025-05-07,142.89,Home Essentials
CUST1035,INV14082,Household supplies,2,91.81,0.17,2025-05-31,152.4,Home Essentials
CUST1044,INV17972,Children's products,3,26.17,0.1,2025-05-14,70.66,Toys & Kids
CUST1047,INV72781,Stationery,3,31.38,0.22,2025-05-27,73.43,Office Supplies
CUST1048,INV62640,Apparel,5,97.43,0.2,2025-05-07,389.72,Fashion
CUST1048,INV65872,Apparel,5,26.29,0.25,2025-05-16,98.59,Fashion
CUST1043,INV99928,Fashion accessories,2,86.89,0.21,2025-05-09,137.29,Fashion
CUST1013,INV24150,Home textile,4,54.31,0.13,2025-05-11,189.0,Home Essentials
CUST1024,INV74260,Bags,2,32.25,0.2,2025-05-27,51.6,Fashion
CUST1028,INV68138,Apparel,4,88.37,0.08,2025-05-10,325.2,Fashion
CUST1005,INV19632,Bags,4,50.08,0.09,2025-05-11,182.29,Fashion
CUST1043,INV20589,Stationery,5,56.33,0.24,2025-05-18,214.05,Office Supplies
CUST1022,INV52219,Stationery,1,42.33,0.13,2025-05-19,36.83,Office Supplies
CUST1040,INV89730,Electronics,1,63.37,0.24,2025-05-05,48.16,Electronics
CUST1021,INV29442,Home textile,3,24.72,0.25,2025-05-19,55.62,Home Essentials
CUST1043,INV18609,Children's products,5,45.2,0.26,2025-05-28,167.24,Toys & Kids
CUST1008,INV26540,Beauty and Clean products,4,97.25,0.27,2025-05-16,283.97,Health & Beauty
CUST1047,INV46046,Household supplies,1,33.23,0.13,2025-05-26,28.91,Home Essentials
CUST1020,INV91830,Apparel,4,69.11,0.1,2025-05-11,248.8,Fashion
CUST1033,INV92978,Children's products,1,39.27,0.17,2025-05-29,32.59,Toys & Kids
CUST1020,INV86724,Electronics,1,79.61,0.11,2025-05-22,70.85,Electronics
CUST1043,INV81874,Household supplies,1,21.78,0.18,2025-05-25,17.86,Home Essentials
CUST1027,INV52622,Home textile,5,97.28,0.21,2025-05-02,384.26,Home Essentials
CUST1021,INV59925,Household supplies,2,50.84,0.21,2025-05-02,80.33,Home Essentials
CUST1026,INV88301,Beauty and Clean products,4,31.24,0.11,2025-05-04,111.21,Health & Beauty
CUST1045,INV79541,Household supplies,5,16.61,0.05,2025-05-21,78.9,Home Essentials
CUST1019,INV48652,Home textile,5,25.28,0.13,2025-05-26,109.97,Home Essentials
CUST1036,INV69469,Children's products,5,56.78,0.04,2025-05-27,272.54,Toys & Kids
CUST1009,INV76263,Beauty and Clean products,5,40.33,0.27,2025-05-15,147.2,Health & Beauty
CUST1013,INV89354,Bags,5,84.6,0.1,2025-05-01,380.7,Fashion
CUST1027,INV66387,Electronics,3,48.78,0.05,2025-05-04,139.02,Electronics
CUST1043,INV22999,Household supplies,4,32.38,0.01,2025-05-30,128.22,Home Essentials
CUST1025,INV24996,Stationery,5,65.54,0.19,2025-05-28,265.44,Office Supplies
CUST1044,INV95814,Apparel,4,73.61,0.19,2025-05-06,238.5,Fashion
CUST1048,INV95316,Fashion accessories,3,25.03,0.1,2025-05-15,67.58,Fashion
CUST1012,INV82264,Household supplies,3,25.09,0.02,2025-05-15,73.76,Home Essentials
CUST1040,INV38183,Bags,4,13.3,0.12,2025-05-01,46.82,Fashion
CUST1037,INV66370,Household supplies,1,76.28,0.09,2025-05-31,69.41,Home Essentials
CUST1020,INV69186,Home textile,2,69.74,0.2,2025-05-14,111.58,Home Essentials
CUST1026,INV39949,Children's products,1,52.72,0.18,2025-05-07,43.23,Toys & Kids
CUST1036,INV64239,Children's products,1,85.98,0.11,2025-05-23,76.52,Toys & Kids
CUST1001,INV54424,Stationery,1,82.51,0.07,2025-05-30,76.73,Office Supplies
CUST1020,INV69441,Electronics,5,62.68,0.3,2025-05-05,219.38,Electronics
CUST1019,INV62262,Stationery,3,88.14,0.14,2025-05-29,227.4,Office Supplies
CUST1014,INV64524,Electronics,1,28.53,0.21,2025-05-21,22.54,Electronics
CUST1028,INV22463,Home textile,3,20.07,0.04,2025-05-10,57.8,Home Essentials
CUST1038,INV50966,Apparel,4,34.28,0.15,2025-05-06,116.55,Fashion
CUST1039,INV65936,Fashion accessories,2,15.14,0.01,2025-05-28,29.98,Fashion
CUST1042,INV50963,Electronics,4,57.81,0.15,2025-05-30,196.55,Electronics
CUST1021,INV97177,Fashion accessories,4,94.29,0.29,2025-05-29,267.78,Fashion
CUST1030,INV43408,Children's products,5,13.54,0.12,2025-05-09,59.58,Toys & Kids
CUST1029,INV59060,Children's products,2,20.99,0.01,2025-05-03,41.56,Toys & Kids
CUST1029,INV30006,Bags,4,50.7,0.01,2025-05-21,200.77,Fashion
CUST1044,INV72163,Fashion accessories,4,94.05,0.12,2025-05-12,331.06,Fashion
CUST1014,INV18799,Electronics,2,38.45,0.05,2025-05-09,73.06,Electronics
CUST1033,INV21957,Fashion accessories,2,55.65,0.01,2025-05-03,110.19,Fashion
CUST1031,INV21188,Home textile,4,13.74,0.23,2025-05-12,42.32,Home Essentials
CUST1048,INV22219,Bags,2,23.35,0.14,2025-05-22,40.16,Fashion
CUST1011,INV66606,Bags,4,98.8,0.09,2025-05-29,359.63,Fashion
CUST1043,INV22656,Beauty and Clean products,4,96.86,0.27,2025-05-21,282.83,Health & Beauty
CUST1006,INV58843,Fashion accessories,5,10.44,0.03,2025-05-06,50.63,Fashion
CUST1019,INV27054,Fashion accessories,1,95.66,0.29,2025-05-02,67.92,Fashion
CUST1033,INV82924,Children's products,4,67.52,0.09,2025-05-13,245.77,Toys & Kids
CUST1043,INV17861,Fashion accessories,3,88.11,0.27,2025-05-21,192.96,Fashion
CUST1041,INV86869,Stationery,1,50.93,0.18,2025-05-10,41.76,Office Supplies
CUST1040,INV83608,Stationery,1,56.4,0.25,2025-05-24,42.3,Office Supplies
CUST1022,INV83620,Home textile,1,54.0,0.3,2025-05-23,37.8,Home Essentials
CUST1006,INV53207,Fashion accessories,5,70.02,0.09,2025-05-25,318.59,Fashion
CUST1049,INV97819,Electronics,4,22.57,0.29,2025-05-08,64.1,Electronics
CUST1016,INV26021,Bags,5,12.7,0.12,2025-05-14,55.88,Fashion
CUST1044,INV63845,Children's products,4,37.71,0.12,2025-05-21,132.74,Toys & Kids
CUST1020,INV56346,Electronics,5,73.42,0.1,2025-05-03,330.39,Electronics
CUST1015,INV97207,Bags,5,28.17,0.16,2025-05-23,118.31,Fashion
CUST1013,INV65435,Fashion accessories,3,70.61,0.05,2025-05-04,201.24,Fashion
CUST1010,INV16743,Electronics,5,97.29,0.17,2025-05-01,403.75,Electronics
CUST1002,INV47700,Beauty and Clean products,2,18.45,0.16,2025-05-07,31.0,Health & Beauty
CUST1003,INV88696,Electronics,3,70.53,0.23,2025-05-16,162.92,Electronics
CUST1016,INV50953,Stationery,5,49.94,0.25,2025-05-03,187.27,Office Supplies
CUST1031,INV56090,Fashion accessories,1,88.13,0.13,2025-05-05,76.67,Fashion
CUST1040,INV23579,Apparel,2,25.94,0.09,2025-05-19,47.21,Fashion
CUST1050,INV85748,Electronics,2,72.34,0.08,2025-05-08,133.11,Electronics
CUST1005,INV76507,Beauty and Clean products,2,85.43,0.06,2025-05-17,160.61,Health & Beauty
CUST1030,INV37884,Fashion accessories,3,95.02,0.02,2025-05-22,279.36,Fashion
CUST1027,INV30280,Electronics,5,71.49,0.1,2025-05-15,321.7,Electronics
CUST1041,INV96079,Household supplies,5,54.75,0.08,2025-05-01,251.85,Home Essentials
CUST1037,INV73201,Beauty and Clean products,1,65.61,0.29,2025-05-01,46.58,Health & Beauty
CUST1013,INV39392,Apparel,1,88.2,0.17,2025-05-23,73.21,Fashion
CUST1046,INV24184,Household supplies,2,61.35,0.1,2025-05-11,110.43,Home Essentials
CUST1045,INV55890,Beauty and Clean products,1,12.73,0.17,2025-05-27,10.57,Health & Beauty
CUST1025,INV82910,Children's products,3,93.79,0.04,2025-05-04,270.12,Toys & Kids
CUST1032,INV58176,Bags,5,72.06,0.13,2025-05-28,313.46,Fashion
CUST1026,INV25058,Beauty and Clean products,2,70.89,0.19,2025-05-14,114.84,Health & Beauty
CUST1016,INV46512,Apparel,1,29.41,0.15,2025-05-23,25.0,Fashion
CUST1010,INV85248,Home textile,3,69.3,0.12,2025-05-05,182.95,Home Essentials
CUST1042,INV39643,Bags,3,45.45,0.3,2025-05-16,95.44,Fashion
CUST1045,INV66244,Fashion accessories,1,68.61,0.26,2025-05-03,50.77,Fashion
CUST1001,INV83526,Beauty and Clean products,5,19.59,0.19,2025-05-08,79.34,Health & Beauty
CUST1049,INV91490,Bags,1,69.21,0.17,2025-05-13,57.44,Fashion
CUST1050,INV90422,Electronics,2,99.95,0.19,2025-05-03,161.92,Electronics
CUST1007,INV98470,Beauty and Clean products,1,14.34,0.06,2025-05-24,13.48,Health & Beauty
CUST1050,INV94239,Household supplies,3,97.95,0.12,2025-05-26,258.59,Home Essentials
CUST1028,INV82972,Apparel,1,46.62,0.01,2025-05-04,46.15,Fashion
CUST1015,INV13441,Stationery,5,88.37,0.14,2025-05-04,379.99,Office Supplies
CUST1012,INV89822,Stationery,4,80.41,0.16,2025-05-11,270.18,Office Supplies
CUST1045,INV96223,Apparel,1,61.03,0.07,2025-05-12,56.76,Fashion
CUST1034,INV45054,Home textile,5,76.46,0.29,2025-05-29,271.43,Home Essentials
CUST1030,INV13794,Apparel,5,89.07,0.27,2025-05-10,325.11,Fashion
CUST1004,INV33647,Electronics,3,46.37,0.22,2025-05-05,108.51,Electronics
CUST1036,INV45818,Apparel,5,39.43,0.16,2025-05-13,165.61,Fashion
CUST1016,INV50499,Apparel,5,70.08,0.26,2025-05-25,259.3,Fashion
CUST1008,INV54541,Bags,5,82.71,0.04,2025-05-27,397.01,Fashion
CUST1030,INV56009,Fashion accessories,5,78.61,0.24,2025-05-25,298.72,Fashion
CUST1009,INV10800,Stationery,2,81.8,0.04,2025-05-28,157.06,Office Supplies
CUST1030,INV33777,Home textile,2,49.2,0.24,2025-05-05,74.78,Home Essentials
CUST1043,INV28776,Bags,3,83.61,0.08,2025-05-21,230.76,Fashion
CUST1034,INV84228,Stationery,1,20.82,0.26,2025-05-22,15.41,Office Supplies
CUST1036,INV96159,Fashion accessories,5,59.0,0.28,2025-05-05,212.4,Fashion
CUST1039,INV62531,Apparel,1,10.52,0.04,2025-05-03,10.1,Fashion
CUST1021,INV19120,Fashion accessories,1,39.21,0.14,2025-05-17,33.72,Fashion
CUST1049,INV28595,Stationery,3,42.98,0.29,2025-05-19,91.55,Office Supplies
CUST1029,INV92991,Children's products,5,45.66,0.15,2025-05-01,194.05,Toys & Kids
CUST1040,INV14018,Beauty and Clean products,5,72.59,0.26,2025-05-20,268.58,Health & Beauty
CUST1047,INV22026,Beauty and Clean products,4,44.97,0.18,2025-05-21,147.5,Health & Beauty
CUST1033,INV79531,Household supplies,1,50.38,0.11,2025-05-06,44.84,Home Essentials
CUST1028,INV38197,Electronics,1,31.38,0.09,2025-05-15,28.56,Electronics
CUST1036,INV59308,Fashion accessories,2,43.59,0.06,2025-05-12,81.95,Fashion
CUST1029,INV65028,Apparel,4,30.45,0.23,2025-05-24,93.79,Fashion
CUST1011,INV69460,Fashion accessories,2,16.59,0.12,2025-05-07,29.2,Fashion
CUST1048,INV54681,Apparel,2,64.31,0.15,2025-05-21,109.33,Fashion
CUST1031,INV30631,Children's products,2,70.14,0.15,2025-05-24,119.24,Toys & Kids
CUST1029,INV58503,Children's products,3,65.75,0.17,2025-05-05,163.72,Toys & Kids
CUST1017,INV50846,Electronics,3,51.71,0.26,2025-05-30,114.8,Electronics
CUST1049,INV52517,Home textile,2,44.18,0.29,2025-05-14,62.74,Home Essentials
CUST1016,INV84395,Stationery,4,87.7,0.12,2025-05-20,308.7,Office Supplies
CUST1041,INV88148,Household supplies,1,56.72,0.25,2025-05-22,42.54,Home Essentials
CUST1018,INV21135,Children's products,4,53.13,0.23,2025-05-15,163.64,Toys & Kids
CUST1050,INV16895,Bags,5,12.31,0.17,2025-05-28,51.09,Fashion
CUST1050,INV30392,Beauty and Clean products,3,40.71,0.29,2025-05-07,86.71,Health & Beauty
CUST1034,INV30632,Apparel,1,44.22,0.06,2025-05-03,41.57,Fashion
CUST1032,INV90981,Beauty and Clean products,1,45.89,0.03,2025-05-29,44.51,Health & Beauty
CUST1041,INV16522,Children's products,5,62.22,0.26,2025-05-04,230.21,Toys & Kids
CUST1016,INV98338,Children's products,5,58.02,0.13,2025-05-05,252.39,Toys & Kids
CUST1018,INV20693,Bags,2,64.71,0.25,2025-05-25,97.06,Fashion
CUST1029,INV45665,Bags,3,78.84,0.27,2025-05-04,172.66,Fashion
CUST1005,INV68079,Beauty and Clean products,3,83.17,0.02,2025-05-19,244.52,Health & Beauty
CUST1046,INV96761,Electronics,4,74.63,0.27,2025-05-24,217.92,Electronics
CUST1019,INV65576,Beauty and Clean products,2,96.0,0.13,2025-05-13,167.04,Health & Beauty
CUST1016,INV73656,Children's products,2,11.64,0.15,2025-05-12,19.79,Toys & Kids
CUST1018,INV89570,Beauty and Clean products,2,27.62,0.19,2025-05-31,44.74,Health & Beauty
CUST1022,INV67939,Apparel,2,10.68,0.28,2025-05-14,15.38,Fashion
CUST1021,INV64287,Electronics,3,68.27,0.01,2025-05-11,202.76,Electronics
CUST1035,INV45804,Children's products,3,90.82,0.14,2025-05-26,234.32,Toys & Kids
CUST1006,INV38255,Fashion accessories,2,31.91,0.21,2025-05-05,50.42,Fashion
CUST1009,INV77154,Children's products,4,93.43,0.22,2025-05-08,291.5,Toys & Kids
CUST1010,INV24918,Beauty and Clean products,1,15.42,0.21,2025-05-09,12.18,Health & Beauty
CUST1015,INV55242,Stationery,1,94.1,0.04,2025-05-21,90.34,Office Supplies
CUST1025,INV66349,Fashion accessories,4,41.65,0.09,2025-05-03,151.61,Fashion
CUST1045,INV24534,Household supplies,2,19.13,0.11,2025-05-08,34.05,Home Essentials
CUST1010,INV47125,Children's products,3,53.73,0.24,2025-05-18,122.5,Toys & Kids
CUST1046,INV98895,Home textile,1,33.11,0.08,2025-05-20,30.46,Home Essentials
CUST1014,INV98930,Home textile,5,35.64,0.06,2025-05-20,167.51,Home Essentials
CUST1005,INV87743,Children's products,5,37.66,0.29,2025-05-24,133.69,Toys & Kids
CUST1027,INV73783,Household supplies,4,82.27,0.0,2025-05-20,329.08,Home Essentials
CUST1027,INV79066,Stationery,2,58.52,0.3,2025-05-10,81.93,Office Supplies
CUST1022,INV97442,Fashion accessories,1,38.02,0.2,2025-05-25,30.42,Fashion
CUST1035,INV50425,Children's products,2,64.93,0.25,2025-05-31,97.4,Toys & Kids
CUST1030,INV15952,Apparel,1,74.45,0.09,2025-05-23,67.75,Fashion
CUST1027,INV38903,Household supplies,4,34.54,0.0,2025-05-01,138.16,Home Essentials
CUST1004,INV61807,Household supplies,4,47.22,0.22,2025-05-28,147.33,Home Essentials
CUST1014,INV88554,Beauty and Clean products,5,20.97,0.25,2025-05-28,78.64,Health & Beauty
CUST1027,INV17180,Fashion accessories,2,26.3,0.22,2025-05-22,41.03,Fashion
CUST1025,INV11007,Stationery,5,71.3,0.04,2025-05-29,342.24,Office Supplies
CUST1050,INV36794,Apparel,2,26.33,0.23,2025-05-10,40.55,Fashion
CUST1038,INV49507,Fashion accessories,5,57.26,0.23,2025-05-07,220.45,Fashion
CUST1045,INV37686,Electronics,3,73.81,0.2,2025-05-17,177.14,Electronics
CUST1002,INV27987,Beauty and Clean products,3,19.62,0.23,2025-05-20,45.32,Health & Beauty
CUST1049,INV43491,Home textile,3,61.06,0.25,2025-05-17,137.38,Home Essentials
CUST1037,INV47938,Apparel,3,33.09,0.18,2025-05-07,81.4,Fashion
CUST1025,INV53007,Fashion accessories,1,96.66,0.03,2025-05-24,93.76,Fashion
CUST1031,INV25726,Home textile,3,53.52,0.15,2025-05-13,136.48,Home Essentials
CUST1001,INV11013,Apparel,4,82.54,0.02,2025-05-10,323.56,Fashion
CUST1023,INV75193,Apparel,4,59.52,0.12,2025-05-21,209.51,Fashion
CUST1020,INV66446,Stationery,1,13.91,0.12,2025-05-02,12.24,Office Supplies
CUST1049,INV33028,Household supplies,3,66.98,0.02,2025-05-26,196.92,Home Essentials
CUST1025,INV26932,Apparel,3,95.63,0.1,2025-05-29,258.2,Fashion
CUST1027,INV59834,Stationery,3,64.15,0.03,2025-05-26,186.68,Office Supplies
CUST1035,INV79806,Fashion accessories,5,83.73,0.24,2025-05-31,318.17,Fashion
CUST1048,INV40161,Electronics,2,89.58,0.28,2025-05-08,129.0,Electronics
CUST1048,INV75570,Children's products,5,30.53,0.02,2025-05-16,149.6,Toys & Kids
CUST1035,INV83233,Children's products,2,29.08,0.29,2025-05-13,41.29,Toys & Kids
CUST1039,INV97562,Household supplies,3,64.99,0.16,2025-05-04,163.77,Home Essentials
CUST1015,INV56421,Stationery,3,46.99,0.09,2025-05-08,128.28,Office Supplies
CUST1032,INV19447,Electronics,5,85.59,0.02,2025-05-16,419.39,Electronics
CUST1015,INV62044,Beauty and Clean products,5,91.0,0.15,2025-05-21,386.75,Health & Beauty
CUST1018,INV15544,Fashion accessories,2,41.81,0.24,2025-05-20,63.55,Fashion
CUST1028,INV67176,Apparel,4,31.32,0.21,2025-05-03,98.97,Fashion
CUST1032,INV12456,Apparel,2,80.25,0.02,2025-05-17,157.29,Fashion
CUST1002,INV70260,Fashion accessories,5,34.73,0.02,2025-05-29,170.18,Fashion
CUST1025,INV20205,Fashion accessories,5,84.04,0.12,2025-05-01,369.78,Fashion
CUST1022,INV51033,Stationery,1,48.14,0.09,2025-05-12,43.81,Office Supplies
CUST1043,INV85465,Apparel,5,70.08,0.07,2025-05-30,325.87,Fashion
CUST1044,INV66267,Children's products,1,18.6,0.08,2025-05-11,17.11,Toys & Kids
CUST1026,INV85156,Household supplies,4,66.15,0.24,2025-05-05,201.1,Home Essentials
CUST1047,INV63008,Children's products,2,50.66,0.28,2025-05-13,72.95,Toys & Kids
CUST1011,INV93904,Home textile,2,62.79,0.12,2025-05-28,110.51,Home Essentials
CUST1030,INV64747,Bags,1,25.12,0.27,2025-05-27,18.34,Fashion
CUST1009,INV47947,Electronics,2,76.32,0.1,2025-05-19,137.38,Electronics
CUST1040,INV25096,Home textile,5,87.65,0.14,2025-05-14,376.9,Home Essentials
CUST1035,INV63088,Bags,3,29.51,0.07,2025-05-12,82.33,Fashion
CUST1002,INV12733,Fashion accessories,1,18.61,0.19,2025-05-18,15.07,Fashion
CUST1026,INV52568,Children's products,2,12.13,0.29,2025-05-22,17.22,Toys & Kids
CUST1038,INV32527,Beauty and Clean products,1,67.78,0.18,2025-05-06,55.58,Health & Beauty
CUST1037,INV91018,Household supplies,1,64.64,0.11,2025-05-25,57.53,Home Essentials
CUST1043,INV70305,Apparel,3,59.2,0.19,2025-05-16,143.86,Fashion
CUST1002,INV57428,Beauty and Clean products,5,30.88,0.04,2025-05-31,148.22,Health & Beauty
CUST1006,INV21551,Bags,1,45.18,0.27,2025-05-25,32.98,Fashion
CUST1042,INV67240,Children's products,2,63.5,0.15,2025-05-03,107.95,Toys & Kids
CUST1028,INV23875,Fashion accessories,4,54.71,0.13,2025-05-01,190.39,Fashion
CUST1009,INV41891,Children's products,1,98.9,0.18,2025-05-19,81.1,Toys & Kids
CUST1030,INV67104,Electronics,1,22.28,0.19,2025-05-03,18.05,Electronics
CUST1012,INV87184,Children's products,3,72.56,0.02,2025-05-01,213.33,Toys & Kids
CUST1004,INV62487,Home textile,5,46.39,0.2,2025-05-09,185.56,Home Essentials
CUST1017,INV78676,Household supplies,4,48.54,0.07,2025-05-07,180.57,Home Essentials
CUST1025,INV20308,Beauty and Clean products,2,74.58,0.21,2025-05-02,117.84,Health & Beauty
CUST1021,INV61873,Children's products,4,72.32,0.25,2025-05-30,216.96,Toys & Kids
CUST1014,INV50668,Children's products,2,99.21,0.24,2025-05-02,150.8,Toys & Kids
CUST1030,INV54500,Bags,5,21.56,0.17,2025-05-31,89.47,Fashion
CUST1021,INV39041,Electronics,2,19.37,0.16,2025-05-26,32.54,Electronics
CUST1022,INV53655,Children's products,3,75.19,0.04,2025-05-13,216.55,Toys & Kids
CUST1049,INV32037,Children's products,3,62.05,0.23,2025-05-17,143.34,Toys & Kids
CUST1025,INV20011,Apparel,3,34.67,0.08,2025-05-10,95.69,Fashion
CUST1018,INV76910,Children's products,3,17.15,0.15,2025-05-21,43.73,Toys & Kids
CUST1049,INV92998,Fashion accessories,4,17.71,0.09,2025-05-23,64.46,Fashion
CUST1027,INV24945,Home textile,5,90.48,0.04,2025-05-17,434.3,Home Essentials
CUST1017,INV79547,Household supplies,2,27.27,0.19,2025-05-25,44.18,Home Essentials
CUST1006,INV76840,Apparel,2,39.1,0.02,2025-05-14,76.64,Fashion
CUST1031,INV35415,Electronics,3,30.4,0.22,2025-05-14,71.14,Electronics
CUST1002,INV55793,Fashion accessories,3,41.95,0.1,2025-05-23,113.27,Fashion
CUST1048,INV56019,Home textile,1,16.25,0.0,2025-05-13,16.25,Home Essentials
CUST1035,INV94599,Household supplies,5,56.72,0.15,2025-05-03,241.06,Home Essentials
CUST1004,INV29358,Household supplies,4,16.09,0.01,2025-05-21,63.72,Home Essentials
CUST1023,INV40968,Home textile,2,82.03,0.08,2025-05-18,150.94,Home Essentials
CUST1015,INV23474,Fashion accessories,1,31.03,0.21,2025-05-18,24.51,Fashion
CUST1042,INV29194,Electronics,1,58.6,0.02,2025-05-20,57.43,Electronics
CUST1005,INV43550,Electronics,2,89.21,0.25,2025-05-05,133.82,Electronics
CUST1050,INV35856,Bags,4,68.58,0.0,2025-05-09,274.32,Fashion
CUST1042,INV32740,Electronics,1,57.97,0.07,2025-05-03,53.91,Electronics
CUST1003,INV88957,Home textile,1,39.19,0.22,2025-05-10,30.57,Home Essentials
CUST1049,INV30036,Children's products,5,39.97,0.09,2025-05-03,181.86,Toys & Kids
CUST1002,INV95918,Home textile,4,70.25,0.03,2025-05-17,272.57,Home Essentials
CUST1016,INV19876,Home textile,1,99.47,0.11,2025-05-30,88.53,Home Essentials
CUST1013,INV33218,Apparel,4,69.57,0.08,2025-05-07,256.02,Fashion
CUST1002,INV92306,Beauty and Clean products,2,60.2,0.25,2025-05-26,90.3,Health & Beauty
CUST1040,INV74764,Children's products,3,75.76,0.09,2025-05-05,206.82,Toys & Kids
CUST1010,INV70811,Stationery,1,51.87,0.24,2025-05-18,39.42,Office Supplies
CUST1016,INV83889,Beauty and Clean products,5,15.41,0.27,2025-05-11,56.25,Health & Beauty
CUST1009,INV85952,Household supplies,2,60.61,0.13,2025-05-13,105.46,Home Essentials
CUST1031,INV68838,Fashion accessories,4,96.19,0.27,2025-05-19,280.87,Fashion
CUST1043,INV99277,Apparel,2,25.78,0.11,2025-05-21,45.89,Fashion
CUST1008,INV83989,Household supplies,1,72.1,0.29,2025-05-25,51.19,Home Essentials
CUST1037,INV94278,Stationery,4,28.08,0.03,2025-05-27,108.95,Office Supplies
CUST1014,INV93269,Children's products,3,58.22,0.21,2025-05-21,137.98,Toys & Kids
CUST1030,INV91857,Home textile,2,18.7,0.15,2025-05-22,31.79,Home Essentials
CUST1045,INV52363,Children's products,1,50.53,0.12,2025-05-21,44.47,Toys & Kids
CUST1017,INV92210,Apparel,5,78.05,0.19,2025-05-03,316.1,Fashion
CUST1050,INV51436,Children's products,4,41.28,0.21,2025-05-10,130.44,Toys & Kids
CUST1024,INV29786,Electronics,2,69.84,0.0,2025-05-23,139.68,Electronics
CUST1011,INV67640,Fashion accessories,2,81.59,0.05,2025-05-14,155.02,Fashion
CUST1039,INV18950,Home textile,3,93.45,0.21,2025-05-24,221.48,Home Essentials
CUST1039,INV71462,Household supplies,3,31.12,0.2,2025-05-31,74.69,Home Essentials
CUST1048,INV67961,Electronics,5,45.94,0.29,2025-05-28,163.09,Electronics
CUST1046,INV92756,Electronics,5,23.72,0.23,2025-05-08,91.32,Electronics
CUST1008,INV49691,Electronics,1,99.32,0.29,2025-05-02,70.52,Electronics
CUST1050,INV46002,Stationery,1,93.43,0.21,2025-05-08,73.81,Office Supplies
CUST1011,INV87518,Home textile,5,58.6,0.09,2025-05-03,266.63,Home Essentials
CUST1020,INV17362,Stationery,5,85.78,0.03,2025-05-30,416.03,Office Supplies
CUST1007,INV56129,Stationery,4,56.89,0.23,2025-05-14,175.22,Office Supplies
CUST1038,INV76497,Fashion accessories,3,66.12,0.19,2025-05-04,160.67,Fashion
CUST1002,INV19724,Electronics,1,18.02,0.01,2025-05-15,17.84,Electronics
CUST1020,INV50685,Stationery,3,77.97,0.11,2025-05-20,208.18,Office Supplies
CUST1037,INV70521,Fashion accessories,3,21.49,0.29,2025-05-20,45.77,Fashion
CUST1044,INV69233,Beauty and Clean products,5,84.35,0.15,2025-05-02,358.49,Health & Beauty
CUST1025,INV14929,Fashion accessories,4,80.38,0.13,2025-05-10,279.72,Fashion
CUST1026,INV17456,Beauty and Clean products,2,73.79,0.14,2025-05-22,126.92,Health & Beauty
CUST1046,INV58331,Bags,4,13.25,0.06,2025-05-24,49.82,Fashion
CUST1013,INV47627,Beauty and Clean products,4,37.28,0.11,2025-05-22,132.72,Health & Beauty
CUST1005,INV20057,Beauty and Clean products,3,33.68,0.11,2025-05-24,89.93,Health & Beauty
CUST1038,INV94497,Apparel,4,42.41,0.02,2025-05-06,166.25,Fashion
CUST1045,INV21835,Stationery,1,17.89,0.23,2025-05-04,13.78,Office Supplies
CUST1041,INV90610,Children's products,3,94.33,0.12,2025-05-01,249.03,Toys & Kids
CUST1016,INV87867,Bags,1,59.84,0.25,2025-05-23,44.88,Fashion
CUST1007,INV76462,Stationery,2,37.5,0.26,2025-05-05,55.5,Office Supplies
CUST1045,INV60394,Beauty and Clean products,3,45.73,0.06,2025-05-23,128.96,Health & Beauty
CUST1050,INV70648,Children's products,2,50.25,0.2,2025-05-01,80.4,Toys & Kids
CUST1020,INV86064,Fashion accessories,3,64.05,0.14,2025-05-06,165.25,Fashion
CUST1044,INV82655,Electronics,5,56.41,0.26,2025-05-16,208.72,Electronics
CUST1039,INV15376,Home textile,4,92.75,0.06,2025-05-31,348.74,Home Essentials
CUST1008,INV68947,Beauty and Clean products,5,54.73,0.2,2025-05-12,218.92,Health & Beauty
CUST1037,INV84928,Electronics,2,99.29,0.18,2025-05-17,162.84,Electronics
CUST1003,INV95437,Electronics,4,86.63,0.09,2025-05-17,315.33,Electronics
CUST1023,INV34672,Beauty and Clean products,3,28.77,0.04,2025-05-26,82.86,Health & Beauty
CUST1035,INV52143,Beauty and Clean products,4,93.75,0.2,2025-05-27,300.0,Health & Beauty
CUST1028,INV89299,Fashion accessories,1,20.47,0.22,2025-05-24,15.97,Fashion
CUST1043,INV72341,Fashion accessories,4,83.57,0.09,2025-05-09,304.19,Fashion
CUST1024,INV75715,Apparel,1,44.26,0.19,2025-05-06,35.85,Fashion
CUST1005,INV29773,Beauty and Clean products,4,89.02,0.12,2025-05-12,313.35,Health & Beauty
CUST1033,INV18109,Beauty and Clean products,1,88.13,0.21,2025-05-05,69.62,Health & Beauty
CUST1042,INV69050,Fashion accessories,2,82.53,0.06,2025-05-24,155.16,Fashion
CUST1022,INV23566,Household supplies,5,81.1,0.27,2025-05-25,296.02,Home Essentials
CUST1001,INV55015,Fashion accessories,3,37.42,0.09,2025-05-28,102.16,Fashion
CUST1027,INV21053,Household supplies,4,17.28,0.11,2025-05-09,61.52,Home Essentials
CUST1032,INV76132,Beauty and Clean products,5,46.27,0.02,2025-05-24,226.72,Health & Beauty
CUST1007,INV94689,Fashion accessories,3,25.62,0.03,2025-05-29,74.55,Fashion
CUST1028,INV32617,Apparel,3,72.55,0.15,2025-05-04,185.0,Fashion
CUST1024,INV15130,Stationery,1,41.15,0.08,2025-05-25,37.86,Office Supplies
CUST1041,INV42472,Bags,2,97.8,0.25,2025-05-29,146.7,Fashion
CUST1030,INV67377,Bags,2,67.69,0.0,2025-05-01,135.38,Fashion
CUST1046,INV67595,Fashion accessories,5,84.02,0.11,2025-05-11,373.89,Fashion
CUST1010,INV78690,Stationery,2,21.93,0.1,2025-05-26,39.47,Office Supplies
CUST1028,INV78517,Children's products,4,87.58,0.01,2025-05-14,346.82,Toys & Kids
CUST1012,INV89928,Children's products,2,93.05,0.04,2025-05-09,178.66,Toys & Kids
CUST1047,INV30807,Fashion accessories,5,53.84,0.12,2025-05-17,236.9,Fashion
CUST1034,INV57696,Household supplies,2,64.56,0.15,2025-05-03,109.75,Home Essentials
CUST1042,INV58870,Home textile,4,78.83,0.12,2025-05-09,277.48,Home Essentials
CUST1018,INV47079,Household supplies,1,25.74,0.16,2025-05-23,21.62,Home Essentials
CUST1040,INV60779,Apparel,5,55.23,0.18,2025-05-19,226.44,Fashion
CUST1035,INV63578,Bags,1,45.88,0.0,2025-05-21,45.88,Fashion
CUST1050,INV54350,Home textile,1,23.17,0.14,2025-05-03,19.93,Home Essentials
CUST1031,INV98984,Apparel,1,43.08,0.29,2025-05-16,30.59,Fashion
CUST1030,INV88366,Electronics,3,16.14,0.16,2025-05-15,40.67,Electronics
CUST1028,INV16863,Children's products,3,12.32,0.2,2025-05-17,29.57,Toys & Kids
CUST1047,INV92691,Children's products,1,22.16,0.09,2025-05-12,20.17,Toys & Kids
CUST1038,INV94843,Household supplies,5,96.68,0.23,2025-05-02,372.22,Home Essentials
CUST1018,INV53863,Bags,4,59.46,0.23,2025-05-16,183.14,Fashion
CUST1021,INV18639,Beauty and Clean products,4,96.92,0.16,2025-05-28,325.65,Health & Beauty
CUST1016,INV53213,Bags,2,48.92,0.29,2025-05-19,69.47,Fashion
CUST1006,INV22387,Apparel,5,38.06,0.04,2025-05-06,182.69,Fashion
CUST1018,INV83133,Apparel,3,55.55,0.01,2025-05-12,164.98,Fashion
CUST1029,INV98916,Apparel,1,49.56,0.23,2025-05-06,38.16,Fashion
CUST1016,INV60667,Fashion accessories,2,19.51,0.24,2025-05-09,29.66,Fashion
CUST1049,INV47243,Electronics,4,67.67,0.04,2025-05-25,259.85,Electronics
CUST1030,INV43029,Beauty and Clean products,3,29.44,0.08,2025-05-04,81.25,Health & Beauty
CUST1037,INV96057,Beauty and Clean products,3,65.76,0.01,2025-05-29,195.31,Health & Beauty
CUST1040,INV88997,Stationery,1,68.52,0.09,2025-05-19,62.35,Office Supplies
CUST1043,INV29709,Bags,4,23.68,0.23,2025-05-22,72.93,Fashion
CUST1025,INV53694,Electronics,5,15.52,0.16,2025-05-24,65.18,Electronics
CUST1022,INV20682,Apparel,3,80.27,0.1,2025-05-04,216.73,Fashion
CUST1002,INV86380,Home textile,1,51.38,0.11,2025-05-08,45.73,Home Essentials
CUST1032,INV96980,Bags,5,15.23,0.0,2025-05-24,76.15,Fashion
CUST1021,INV28537,Fashion accessories,4,99.54,0.09,2025-05-17,362.33,Fashion
CUST1012,INV55851,Beauty and Clean products,3,15.2,0.19,2025-05-01,36.94,Health & Beauty
CUST1032,INV50662,Children's products,5,72.55,0.29,2025-05-02,257.55,Toys & Kids
CUST1014,INV95990,Children's products,5,98.53,0.25,2025-05-28,369.49,Toys & Kids
CUST1023,INV96787,Electronics,5,31.53,0.01,2025-05-28,156.07,Electronics
CUST1017,INV61374,Household supplies,3,22.8,0.27,2025-05-01,49.93,Home Essentials
CUST1022,INV26901,Beauty and Clean products,3,20.92,0.23,2025-05-08,48.33,Health & Beauty
CUST1018,INV87993,Bags,2,37.29,0.23,2025-05-02,57.43,Fashion
CUST1039,INV21104,Household supplies,4,19.09,0.14,2025-05-16,65.67,Home Essentials
CUST1045,INV50577,Fashion accessories,1,72.29,0.12,2025-05-12,63.62,Fashion
CUST1018,INV83259,Beauty and Clean products,5,15.61,0.09,2025-05-13,71.03,Health & Beauty
CUST1036,INV59372,Stationery,2,55.85,0.02,2025-05-30,109.47,Office Supplies
CUST1001,INV94343,Home textile,1,99.7,0.07,2025-05-05,92.72,Home Essentials
CUST1034,INV53054,Beauty and Clean products,2,83.26,0.07,2025-05-06,154.86,Health & Beauty
CUST1013,INV26750,Children's products,3,65.37,0.15,2025-05-30,166.69,Toys & Kids
CUST1006,INV97833,Stationery,5,37.56,0.22,2025-05-31,146.48,Office Supplies
CUST1016,INV99838,Apparel,1,66.15,0.14,2025-05-28,56.89,Fashion
CUST1047,INV78995,Bags,1,57.43,0.02,2025-05-02,56.28,Fashion
CUST1027,INV22249,Household supplies,1,48.35,0.29,2025-05-18,34.33,Home Essentials
CUST1032,INV94675,Stationery,1,21.76,0.28,2025-05-26,15.67,Office Supplies
CUST1036,INV97878,Children's products,1,89.79,0.24,2025-05-30,68.24,Toys & Kids
CUST1049,INV65496,Apparel,2,50.48,0.3,2025-05-23,70.67,Fashion
CUST1016,INV76648,Fashion accessories,5,27.52,0.16,2025-05-24,115.58,Fashion
CUST1045,INV57425,Home textile,3,43.1,0.29,2025-05-21,91.8,Home Essentials
CUST1031,INV12389,Apparel,3,47.27,0.02,2025-05-14,138.97,Fashion
CUST1042,INV57526,Stationery,3,84.48,0.11,2025-05-08,225.56,Office Supplies
CUST1046,INV50483,Bags,3,76.03,0.07,2025-05-11,212.12,Fashion
CUST1032,INV33627,Fashion accessories,2,79.24,0.06,2025-05-08,148.97,Fashion
CUST1029,INV38074,Home textile,4,10.99,0.04,2025-05-14,42.2,Home Essentials
CUST1002,INV54791,Beauty and Clean products,5,47.45,0.19,2025-05-30,192.17,Health & Beauty
CUST1006,INV73736,Bags,1,53.32,0.23,2025-05-24,41.06,Fashion
CUST1019,INV35166,Apparel,4,11.73,0.17,2025-05-11,38.94,Fashion
CUST1015,INV39693,Children's products,3,33.38,0.04,2025-05-09,96.13,Toys & Kids
CUST1026,INV28030,Bags,4,78.43,0.24,2025-05-27,238.43,Fashion
CUST1045,INV30308,Home textile,5,22.34,0.19,2025-05-03,90.48,Home Essentials
CUST1016,INV20114,Apparel,1,58.18,0.12,2025-05-19,51.2,Fashion
CUST1020,INV48770,Home textile,1,29.37,0.2,2025-05-12,23.5,Home Essentials
CUST1043,INV23256,Beauty and Clean products,5,11.09,0.08,2025-05-04,51.01,Health & Beauty
CUST1038,INV76543,Household supplies,5,31.71,0.1,2025-05-17,142.7,Home Essentials
CUST1024,INV80748,Electronics,3,97.83,0.28,2025-05-22,211.31,Electronics
CUST1031,INV79013,Electronics,1,82.14,0.09,2025-05-29,74.75,Electronics
CUST1036,INV14947,Children's products,4,96.36,0.14,2025-05-02,331.48,Toys & Kids
CUST1034,INV96760,Home textile,2,53.91,0.27,2025-05-06,78.71,Home Essentials
CUST1023,INV54140,Fashion accessories,2,19.88,0.21,2025-05-08,31.41,Fashion
CUST1028,INV91006,Apparel,5,59.32,0.02,2025-05-26,290.67,Fashion
CUST1048,INV27176,Apparel,3,50.89,0.04,2025-05-17,146.56,Fashion
CUST1036,INV88282,Stationery,2,85.99,0.0,2025-05-02,171.98,Office Supplies
CUST1022,INV59377,Apparel,1,18.83,0.19,2025-05-31,15.25,Fashion
CUST1023,INV30218,Bags,5,53.94,0.13,2025-05-13,234.64,Fashion
CUST1045,INV31266,Household supplies,4,23.5,0.04,2025-05-03,90.24,Home Essentials
CUST1030,INV33703,Children's products,5,39.22,0.29,2025-05-29,139.23,Toys & Kids
CUST1018,INV91885,Bags,4,76.36,0.16,2025-05-15,256.57,Fashion
CUST1020,INV31697,Bags,5,52.84,0.07,2025-05-28,245.71,Fashion
CUST1017,INV67366,Household supplies,5,43.83,0.15,2025-05-10,186.28,Home Essentials
CUST1015,INV15726,Stationery,5,45.5,0.2,2025-05-25,182.0,Office Supplies
CUST1008,INV63852,Apparel,4,51.35,0.02,2025-05-28,201.29,Fashion
CUST1047,INV57749,Stationery,4,80.65,0.08,2025-05-10,296.79,Office Supplies
CUST1013,INV98652,Apparel,5,90.29,0.24,2025-05-11,343.1,Fashion
CUST1021,INV41133,Home textile,2,95.98,0.14,2025-05-03,165.09,Home Essentials
CUST1008,INV68222,Home textile,3,80.82,0.16,2025-05-18,203.67,Home Essentials
CUST1048,INV90031,Bags,3,38.39,0.13,2025-05-15,100.2,Fashion
CUST1035,INV47346,Bags,3,71.93,0.01,2025-05-01,213.63,Fashion
CUST1049,INV68841,Beauty and Clean products,4,49.38,0.05,2025-05-12,187.64,Health & Beauty
CUST1045,INV40671,Household supplies,4,32.92,0.13,2025-05-07,114.56,Home Essentials
CUST1012,INV79993,Electronics,2,85.68,0.06,2025-05-10,161.08,Electronics
CUST1013,INV41348,Home textile,3,13.46,0.01,2025-05-19,39.98,Home Essentials
CUST1014,INV50562,Household supplies,3,91.16,0.25,2025-05-26,205.11,Home Essentials
CUST1048,INV71474,Bags,5,51.53,0.29,2025-05-10,182.93,Fashion
CUST1031,INV35430,Stationery,4,67.35,0.24,2025-05-24,204.74,Office Supplies
CUST1018,INV58213,Bags,3,69.34,0.26,2025-05-20,153.93,Fashion
CUST1047,INV98907,Stationery,2,90.56,0.07,2025-05-08,168.44,Office Supplies
CUST1038,INV84766,Apparel,2,67.3,0.29,2025-05-15,95.57,Fashion
CUST1049,INV67749,Electronics,3,65.25,0.06,2025-05-12,184.0,Electronics
CUST1034,INV70513,Fashion accessories,4,16.0,0.29,2025-05-19,45.44,Fashion
CUST1039,INV46932,Fashion accessories,2,56.66,0.3,2025-05-16,79.32,Fashion
CUST1019,INV60052,Fashion accessories,5,23.52,0.21,2025-05-25,92.9,Fashion
CUST1007,INV75916,Apparel,2,76.37,0.29,2025-05-25,108.45,Fashion
CUST1013,INV79135,Bags,1,56.1,0.17,2025-05-07,46.56,Fashion
CUST1019,INV64874,Beauty and Clean products,1,71.22,0.08,2025-05-24,65.52,Health & Beauty
CUST1015,INV31241,Bags,4,13.75,0.13,2025-05-29,47.85,Fashion
CUST1024,INV36174,Home textile,3,17.63,0.18,2025-05-18,43.37,Home Essentials
